id,prioridade,classe,area,titulo,atual,impacto,proposta,aceite
A01,P1,Confirmado no código,Documentos,Mensagem manda cancelar e reemitir para assinar depois,"Ao desistir do seletor de certificado após emitir, a mensagem orienta: para assinar depois, cancele e emita outro. A central já chama AcoesDoDocumento.AssinarAsync sobre o documento existente.","Induz cancelamento e nova emissão desnecessários, aumentando documentos e trabalho.","Mostrar o número emitido e oferecer Assinar este documento, Imprimir e Fechar. Reemissão deve ser reservada à correção de conteúdo.","Cancelar o seletor e retomar a assinatura conserva DocumentoId e número, sem exigir cancelamento."
A02,P1,Confirmado no código,Documentos,Repetir Emitir após falha posterior cria outra emissão,"EmitirAsync persiste antes de assinar/abrir o PDF. Cancelamento de certificado ou erro de abertura retorna mantendo a janela. O finally libera Emitindo; PodeEmitir não verifica DocumentoEmitidoId. Um novo clique chama novamente DocumentoClinicoService.EmitirAsync, que numera uma nova entidade.",Uma tentativa de terminar assinatura ou impressão pode gerar outro documento do mesmo conteúdo.,"Após persistir, mudar a janela para o estado Documento emitido e retomar impressão/assinatura pelo ID. Nova emissão deve ser uma ação explícita.","Falhar após persistência, clicar novamente e confirmar que permanece exatamente um documento; ensaio futuro em banco fictício."
A03,P2,Confirmado no código,Documentos,Impressão perde destaque quando há assinatura pendente,"Na lista O que já saiu, Assinar aparece quando PodeAssinar é verdadeiro; nesse mesmo estado, 2ª via fica Collapsed. Imprimir continua disponível em ⋯ → Imprimir a 2ª via. O texto literal Solicitar assinatura do exemplo do usuário não foi localizado nas bases principais.",Quem quer entregar papel precisa descobrir um menu secundário mesmo quando esse é seu próximo passo.,"Oferecer Imprimir claramente na linha ou no resultado da emissão, mantendo assinatura digital como ação distinta e condicionada ao tipo de documento.",Documento emitido sem assinatura oferece Imprimir sem passar por ⋯; assinatura e consentimento continuam separados.
A04,P2,Confirmado no código,Documentos,Emitir e imprimir executa Salvar como e abrir leitor externo,"O botão Emitir e imprimir termina em ImpressaoPdf.SalvarEAbrirAsync: solicita caminho, salva e abre o leitor padrão. Não envia diretamente à impressão. Cancelar Salvar como retorna null, igual ao sucesso, e a emissão pode encerrar a janela.","A pessoa espera imprimir e recebe uma escolha de arquivo; impressão, download e cancelamento não têm resultados distintos na interface.","Separar Imprimir de Baixar PDF; distinguir emitido, arquivo salvo, impressão solicitada e cancelamento. Reutilizar o documento já emitido.","Cancelar download não aparece como impressão concluída; Imprimir abre a interface de impressão, sem obrigar a nomear arquivo."
A05,P2,Confirmado no código,Recepção e financeiro,Recibo na central aponta ao Caixa ausente na Recepção,"O catálogo de Documentos exige NavegacaoSuite.Existe(Caixa) para recibos. A Recepção carrega Recepção e Clínico contextual, sem Caixa. Entretanto, Recebimentos de pacientes já permite emitir recibo de um lançamento recebido.",O mesmo aplicativo informa indisponibilidade em Documentos e oferece a função em outra área.,"Encaminhar Recibo para os recebimentos do paciente selecionado, preservando o lançamento de origem e sem liberar acesso amplo ao Caixa.",Perfil Recepção chega ao recibo de um pagamento permitido a partir de Documentos sem trocar de aplicativo.
A06,P2,Confirmado no código,Documentos,Período de uma emissão é escolhido em outra aba,"Fechamento do período usa Inicio/Fim da aba O que já saiu, embora a ação seja escolhida na aba Emitir. A própria pendência explica que se deve usar o período da outra aba.",Dependência escondida entre emissão e consulta histórica; é preciso sair do contexto para ajustar a emissão.,"Pedir o período junto da prévia de Fechamento, sem depender do filtro da consulta de emitidos.","É possível selecionar e conferir o período antes de emitir, na mesma sequência de trabalho."
A07,P2,Confirmado no código,Paciente,Sessões e guias repetido em duas camadas de abas,Ficha do paciente contém TabItem Sessões e guias com outro TabControl cujo primeiro TabItem também se chama Sessões e guias. Autorizações e validade do convênio é a segunda aba interna.,A pessoa atravessa e interpreta dois níveis com o mesmo nome.,"Usar um único nível para Sessões e guias e Autorizações, preservando a permissão administrativa.",A ficha tem apenas uma seleção chamada Sessões e guias e autorização fica alcançável no mesmo nível.
A08,P2,Confirmado por matriz de perfis,Financeiro,Mesmo preço particular sob dois grupos no Gerente,A chave precos-particular é reivindicada por Particular e pacotes e Tabela de preço. A matriz reproduziu ambos os pais no Gerente para os perfis Gerente e Financeiro; a navegação por chave escolhe o primeiro pai.,Dois endereços aparentes para o mesmo cadastro; o caminho de retorno pode não ser o que a pessoa esperava.,"Definir uma página canônica Preços; manter atalho contextual explícito em Pacotes, se necessário.",A chave tem um pai canônico e o atalho mantém contexto e identificação de retorno.
A09,P2,Confirmado no código,Navegação,Rótulos novos não chegam às abas compostas,"OrganizacaoNavegacao renomeia acessos, extrato-banco, conciliacao e resultado. Abas dos módulos continuam com Acessos, Extrato do banco, Conciliação e Resultado do mês. AbaMenu possui rótulo independente do ItemMenuModulo.","Busca, página e caminho exibido usam vocabulários diferentes para o mesmo destino.",Resolver o título canônico por chave e permitir variação somente quando ela explicar um contexto real.,"Menu, abas, breadcrumb e busca concordam para cada uma das quatro chaves."
A10,P2,Confirmado por matriz de perfis,Financeiro,Financeiro abre em Estoque por efeito da ordenação,"Estoque foi movido para Gestão e não há item financeiro marcado Inicial. O shell escolhe o primeiro item visível por grupo. Na matriz, Financeiro com perfil Financeiro ou Gerente abre em estoque.","A abertura do aplicativo de dinheiro passa a ser um cadastro/operação de materiais, sem decisão explícita de página inicial.","Definir uma abertura financeira explícita, com tarefas de recebimento/caixa, e manter Estoque acessível.",A abertura é estável quando um novo item de Gestão é acrescentado; validada para os perfis financeiros.
A11,P2,Confirmado no código,Portal clínico,Documentos no menu é somente uma fila de assinatura,O menu diz Documentos; a página diz Documentos para assinar e consulta pendências próprias. Emitidos ficam na ficha do paciente. A central Windows usa Documentos para emitir e consultar.,A mesma palavra promete abrangências diferentes entre interfaces; localizar uma via exige mudar de área e buscar paciente.,Renomear a fila para Para assinar ou oferecer dentro de Documentos as visões Para assinar e Emitidos com filtro por paciente.,A pessoa consegue distinguir pendência de acervo pelo menu e alcançar a via sem tentativa e erro.
A12,P2,Confirmado no código,Portal clínico,Pendências e Documentos repetem a fila de documentos sem assinatura,documentos() e pendencias() consultam /posto/pendencias; ambas exibem r.documentos e levam à ficha-documentos. Uma é uma fila especializada; outra é um agregador.,O usuário pode interpretar duas filas como obrigações diferentes e procurar diferenças inexistentes.,Preservar a visão agregada como resumo com contador e link para a fila canônica; usar os mesmos filtros e rótulos.,"A mesma pendência tem identidade, contagem e ação consistentes nas duas entradas, sem manutenção de duas listas completas."
A13,P2,Confirmado no código,Portal clínico,Áreas internas não têm navegação persistida na URL,"Agenda, ficha, documentos e infusão mudam estado.pagina e DOM. Não foi encontrado roteador pushState/popstate para essas áreas; o replaceState existente trata retorno SafeID. O CRM já possui roteador próprio com hash e histórico.","Atualizar a página, usar Voltar do navegador ou retomar um endereço não representa o percurso interno. Isso deve ser confirmado em ensaio de navegador.","Criar rotas por área e identificador autorizado, com guarda de rascunho e revalidação de acesso.",Voltar/Avançar e recarga recuperam a área correta sem expor dados na URL nem descartar alterações silenciosamente.
A14,P2,Oportunidade com evidência estrutural,Portal clínico,Ações dos documentos mantidas em dois templates,"clinico.js renderiza documentos no atendimento; posto.js renderiza na ficha. Ambos montam Abrir PDF, Corrigir rascunho, Cancelar rascunho, Copiar e Assinar com SafeID com condicionais próprios.",A correção de próxima ação precisa acompanhar duas implementações. Não foi demonstrada perda de dados entre elas.,"Compartilhar um componente/lista de ações de documento, mantendo contexto de sessão versus paciente explícito.",Mesma situação e permissão geram as mesmas ações nos dois locais; atalhos contextuais continuam disponíveis.
A15,P2,Confirmado por busca estática,Manutenção,Três interfaces sem referência de abertura encontrada,"ProntuarioView.xaml da Recepção, RetornoView.xaml e BaixaGuiaWindow.xaml permanecem no código, mas não têm referência de uso fora da própria definição/code-behind na busca de fontes. A fábrica atual usa AcompanhamentoView para retorno-pacientes.",Raspagens e manutenção podem tratar interfaces antigas como atuais; aumentam o volume de código e a ambiguidade.,Confirmar ausência de carga por reflexão/recursos externos e então remover ou identificar explicitamente como legado.,"Cada interface possui uma entrada documentada e verificável, ou sai da compilação/catálogo ativo."
A16,P2,Confirmado no código,Paciente e termos,Instrução de erro usa nomes antigos de abas,DocumentoEdicaoViewModel orienta colher consentimento na aba LGPD e termo na aba Documentos. A ficha atual mostra Privacidade e consentimentos e Termos do paciente.,Uma instrução aparentemente precisa manda procurar rótulos que mudaram.,Usar o nome atual e oferecer encaminhamento com paciente preservado; não depender de texto de navegação escrito à mão.,As mensagens de orientação apontam à aba existente no aplicativo/perfil e o link abre o paciente correto.
A17,P1,Lacuna de rastreabilidade,Versões,Pastas de trabalho e main representam sistemas diferentes,"A pasta Clinica original tem um commit próprio e está 77 commits atrás de origin/main, além de mudanças locais. clinica-site tem quatro commits locais adicionais com correções de execução e SafeID. A auditoria principal congela as três mains; os deltas foram inventariados separadamente.","É possível mapear, corrigir ou publicar uma versão diferente da que a equipe acredita usar.","Estabelecer matriz por componente: commit aprovado, pacote publicado, ambiente e mudanças pendentes. Não deduzir produção a partir do checkout.","Cada superfície implantada pode ser ligada a um commit e a um pacote, e os quatro commits do portal têm destino explícito."
A18,P1,Lacuna de integração nas bases principais,CRM e clínica,Ponte canônica citada pelo CRM não está na main auditada de Clinica,README do CRM afirma que a ponte canônica foi preparada em Clinica e que sua implantação está pendente. O projeto histórico do CRM bloqueia Publish. A árvore main de Clinica auditada não contém src/Clinica.Crm.Bridge; o caminho local citado pelos scripts antigos também não foi encontrado.,"A partir somente dessas mains não se reproduz a entrega completa da integração de agenda, reservas e envios. Isso não prova indisponibilidade de uma implantação externa.","Localizar e integrar o commit da ponte canônica, contratos e migrações; registrar o estado real de homologação e implantação.","As mains oferecem um caminho único e reproduzível para a ponte requerida pelo CRM, sem publicar a cópia histórica."
A19,P3,Confirmado no código,Manutenção entre repositórios,CRM conserva 445 fontes também presentes em Clinica,"A comparação encontrou 445 caminhos de código compartilhados: 442 iguais e três divergentes. O README identifica bibliotecas e ponte como históricas para regressão; o projeto principal Clinica.Crm não referencia essas bibliotecas, e a ponte histórica tem publicação bloqueada.","Risco de corrigir a cópia histórica, confundir rotas legadas com ativas e inflar o inventário. Não foi concluído que duas versões estejam em produção.",Isolar claramente o acervo de regressão e documentar sincronização/aposentadoria; aplicar novas alterações no componente canônico.,Cada cópia tem finalidade e proprietário; nenhuma ferramenta de release escolhe a árvore histórica por engano.
A20,P2,Oportunidade com evidência estrutural,Enfermagem,"Agenda, passagem e infusão têm entradas e vocabulário dispersos","Há Sessões de enfermagem, Enfermagem/Passagens, Atendimento de enfermagem, Sala/Fila de infusão e ficha do paciente. São tarefas relacionadas, mas não equivalentes: chegada/observações, registro longitudinal e execução de prescrição.",A equipe precisa conhecer a diferença entre telas e termos antes de escolher o próximo passo.,Usar uma entrada de trabalho da enfermagem com contexto de paciente/sessão e próximas ações por estado; manter histórico e fila especializada como visões identificadas.,"De chegada até registro após aplicação e assinatura, é possível continuar pelo mesmo paciente sem nova busca e sem misturar atos distintos."
A21,P2,Oportunidade com evidência estrutural,Modelos,"Modelos distribuídos por emissão, evolução, mapa e configuração",DocumentoWindow gerencia modelos de documento; ModelosEvolucaoWindow trata evolução; MapaCorporalControl tem gerenciar modelos; Configurações abre termos. O portal tem Modelos e aplicação contextual.,Quem procura administrar um modelo precisa primeiro adivinhar a família e o local de manutenção.,"Criar catálogo administrativo por tipo e escopo, com atalhos de aplicar/salvar no contexto clínico. Não fundir modelo de consentimento com prescrição ou mapa.",Busca por tipo/nome encontra todos os modelos autorizados e informa onde são utilizados.
A22,P2,Oportunidade apoiada pela matriz,Gerente,Gerente ainda reúne 27 entradas antes das abas internas,"Com perfil Gerente, a matriz deriva 27 entradas principais e 92 destinos autorizados, além de Treinamento acrescentado pelo shell. As entradas se distribuem em cinco grupos; não são 27 botões necessariamente visíveis simultaneamente.","Persistem muitas decisões de navegação, inclusive sobre paciente, prontuário, prescrições e documentos parcialmente relacionados.","Definir donos de tarefas e destinos canônicos; manter indicadores como atalhos para a tarefa, reduzindo categorias que apenas reorganizam outras telas.",Validar tarefas reais com gestão e reduzir mudanças de contexto sem retirar funções ou permissões.
A23,P2,Oportunidade com evidência estrutural,CRM,"Meu dia, Visão geral e Operação dividem acompanhamento da fila","Meu dia apresenta retornos/esperas/consultas; Visão geral mostra distribuição e equipe; Operação mostra saúde, esperas, pedidos de remarcação e consumo. Relatórios acrescenta outra leitura histórica.","Perguntas próximas ficam em áreas distintas, com nomes amplos. Não são cópias exatas: períodos, finalidade e perfis diferem.","Dar a cada área uma pergunta explícita: meu trabalho, supervisão ao vivo, diagnóstico técnico/consumo e histórico. Oferecer links com o filtro preservado.",Uma atendente encontra sua próxima ação e uma supervisora encontra filas travadas sem percorrer os quatro painéis.
A24,P2,Confirmado no código,CRM e clínica,Concluir atendimento nomeia dois fatos diferentes,"No CRM, Concluir atendimento registra resultado de uma conversa e pode criar tarefa. No sistema clínico, Concluir atendimento/sessão se refere ao atendimento assistencial. Não é a mesma conclusão e não há autorização para fundi-las.",A equipe que alterna produtos pode interpretar conversa concluída como consulta concluída ou vice-versa.,"Usar Concluir conversa no CRM e Concluir sessão clínica no assistencial; exibir o estado do outro sistema como contexto, quando disponível.","Concluir conversa não aparenta marcar presença, encerrar sessão ou faturar; os rótulos explicam a diferença."
A25,P2,Oportunidade com evidência estrutural,CRM e relacionamento,"Retorno, lembrete, tarefa e recall precisam de um mapa comum","CRM mantém FollowupState/ResumeAt, tarefas e recall; Clinica tem retornos solicitados e Acompanhamento com recall/novos BSV. Há integração de snapshots/notificações no código, portanto não é correto afirmar ausência total de integração.",O mesmo paciente pode aparecer em filas com finalidades distintas sem que o operador reconheça quem é responsável pelo próximo contato.,"Mostrar tipo, origem, responsável, prazo e última ação num contexto único do paciente/conversa; reconciliar contatos após envio e resposta.",Uma tarefa manual e um recall não são tratados como duplicatas automaticamente; a equipe consegue identificar quando representam o mesmo contato planejado.
A26,P2,Confirmado no código,CRM,Registrar solução de remarcação não confirma alteração na agenda,"Na Operação, Registrar solução encerra um job attention após texto livre. ResolveReschedule grava done e auditoria; não chama a ponte. A remarcação real usa ClinicScheduling e confirma o resultado na clínica.",São duas conclusões diferentes para um assunto com o mesmo nome; uma observação administrativa pode ser confundida com a remarcação realizada.,"Nomear como Registrar tratamento do pedido e mostrar resultado separado: remarcado com ID, cancelado, desistiu ou resolvido fora do sistema com justificativa.",Encerrar o pedido manualmente nunca aparece como horário remarcado sem evidência da agenda.
A27,P3,Confirmado no código,Financeiro,Adiar conta oferece prazo fixo de sete dias,"Contas tem ação Adiar 7d. É um atalho legítimo, mas o controle não expressa escolher o vencimento negociado na própria ação.",A rotina favorece um prazo arbitrário quando o acordo real pode ter outra data.,"Manter +7 dias como sugestão dentro de Adiar vencimento, com data e motivo explícitos conforme as regras do domínio.","O operador escolhe a data negociada em uma ação e vê o histórico, sem repetir adiamentos de sete dias."
A28,P2,Oportunidade com evidência estrutural,Termos do paciente,Coleta pode atravessar escolhas em várias janelas,"Existem EscolherTermoWindow, EscolherSessaoDoTermoWindow e AssinaturaPacienteWindow. As escolhas são necessárias quando falta contexto; quando paciente, sessão e modelo já são conhecidos, repetição deve ser evitada.",Uma ação curta no balcão pode virar uma sequência de modais; a quantidade depende da porta de entrada e dos dados.,"Propagar paciente, sessão e modelo; mostrar uma revisão única e pedir apenas a informação ausente.","Da sessão com um único termo aplicável, a coleta chega diretamente à revisão, preservando opção de corrigir contexto."
A29,P2,Oportunidade com evidência estrutural,Documentos,Emissão pelo catálogo exige escolher antes de abrir o editor,"A central possui escolha do paciente, escolha da folha e prévia/ação; documentos escritos abrem DocumentoWindow. O editor também permite selecionar tipo. Não foi medido tempo de uso nem cliques por perfil.","Para um documento frequente e paciente já conhecido, há decisões intermediárias potencialmente dispensáveis.",Usar ação contextual Emitir documento com tipo frequente e paciente herdado; deixar o catálogo para descoberta ou mudança de tipo.,"A partir da ficha, paciente não precisa ser buscado novamente; trocar tipo não apaga conteúdo sem aviso."
A30,P3,Confirmado no código,Documentação e navegação,Comentários arquiteturais descrevem módulos que hoje são carregados,App do Clínico afirma em comentário carregar um único módulo; o código carrega Clínico e Recepção contextual. Comentários do agrupamento de pacientes/prontuário ainda descrevem ausência do outro módulo nos executáveis.,Quem mantém ou audita usando os comentários pode concluir incorretamente que uma aba não existe ou que a função exige outro aplicativo.,Atualizar comentários e documentação arquitetural a partir da matriz executável de navegação.,Descrições de carregamento e visibilidade concordam com os cinco App/ModuloFaturamentoAplicativo e com os perfis padrão.
A31,P1,Confirmado no código,Campanhas,Abrir WhatsApp é registrado como envio,"EnviarAsync abre o aplicativo externo e, se a abertura não retorna erro, chama RegistrarEnvioAsync e mostra Envio registrado. Abrir a conversa não comprova que a pessoa enviou a mensagem.",O acompanhamento pode indicar contato realizado mesmo que o operador apenas tenha aberto e fechado o WhatsApp.,"Separar Preparar mensagem, Confirmar envio manual e estados de entrega confirmados por integração. Conservar autor e horário de cada evento.",Abrir e fechar o aplicativo externo não marca envio; confirmação manual fica distinguível de entrega pelo provedor.
A32,P2,Confirmado no código,Faturamento,Atalho de glosa descarta o contexto da linha,O botão Abrir glosas de cada linha do painel não passa CommandParameter. AbrirGlosas não recebe a guia e dispara um evento sem argumento.,A pessoa precisa procurar outra vez a glosa cujo prazo acabou de consultar.,"Passar guia/glosa e período ao destino, selecionar o registro e oferecer Voltar ao painel preservando filtros.",Abrir uma glosa específica no painel mostra essa mesma glosa no destino.
A33,P2,Confirmado no código,Configurações,Convênio fecha uma janela mas só salva na tela de trás,ConvenioWindow liga os campos diretamente à edição e tem Fechar; o rodapé informa que é necessário Salvar configurações na tela de trás.,A conclusão do diálogo não conclui a tarefa de edição. O usuário precisa lembrar de uma segunda ação em outro contexto.,"Dar ao diálogo Salvar convênio e Cancelar com estado próprio, ou expor explicitamente uma revisão única de alterações pendentes na tela principal.",A pessoa consegue identificar sem ambiguidade se as alterações já estão persistidas e descartá-las antes de salvar.
A34,P2,Confirmado no código,Configurações,Catálogos misturam salvar em lote e excluir imediatamente,"Editar/adicionar integra o Salvar configurações; RemoverConvenio e RemoverEspecialidade chamam exclusão no serviço imediatamente, com confirmação. Não há alegação de exclusão sem confirmação.",Uma mesma tela usa dois momentos de persistência; sair sem salvar não desfaz uma exclusão já confirmada.,"Padronizar persistência por entidade; se mantiver exclusão imediata, dizer na confirmação que ela independe do botão Salvar e mostrar resultado por item.","Criar, editar e excluir têm estados e consequências explícitos, incluindo o que permanecerá ao abandonar a página."
A35,P2,Confirmado no código,Financeiro,Prévia da retenção apaga o resultado quando falha,"PreverAsync captura a exceção, grava diagnóstico e atribui Retencao = null; nesse catch não explica a falha ao usuário. Valor inválido também retorna sem mensagem.","Reter? pode parecer não ter efeito, e a ausência de prévia não esclarece se há indisponibilidade ou dado inválido.","Exibir erro junto à linha, conservar o valor digitado e oferecer Tentar novamente. Diferenciar retenção inexistente de consulta não concluída.","Falha simulada no serviço deixa indicação visível de cálculo indisponível, nunca de imposto zero."
A36,P2,Confirmado no código,Financeiro,Recebi na inadimplência fixa a data em hoje,ReceberAsync confirma valor e descrição e passa DateOnly.FromDateTime(DateTime.Today). Esse atalho não solicita a data real do recebimento.,"Ao registrar hoje um pagamento de outro dia, este percurso não permite informar a data correta.","Reutilizar uma confirmação de recebimento com data, forma e referência disponíveis conforme a operação; iniciar em hoje sem impedir correção autorizada.",Recebimento de ontem pode ser registrado por esse caminho com a data escolhida e auditada.
A37,P2,Oportunidade de simplificação,Financeiro,Devolução de receita recebida exige reconstruir lançamento no Caixa,"Conciliação bloqueia corretamente cancelar dinheiro já recebido, mas apenas instrui lançar a devolução como saída no Caixa.","A pessoa troca de tela e recompõe paciente, guia, valor e motivo; a orientação não oferece a continuação contextual.","Oferecer Registrar devolução, abrindo saída pré-preenchida e vinculada à receita original, mantendo a conferência do operador.","Nenhuma entrada original é apagada; a saída preserva vínculo, data efetiva, valor e motivo."
A38,P2,Confirmado no código,Relacionamento,Chamar de volta não registra a tentativa nessa ação,"RetencaoViewModel.Chamar valida permissão e consentimento, abre WhatsApp e retorna se não houver erro. Não persiste tentativa ou próximo contato nesse método.",Quem consulta a lista depois não sabe por essa ação se outro operador já iniciou o contato.,"Usar o histórico de acompanhamento como destino canônico: preparar mensagem, registrar tentativa/resultado e combinar próximo passo, sem declarar envio automático.",Uma tentativa registrada fica visível no acompanhamento por responsável e data; simples abertura não se torna entrega.
A39,P2,Oportunidade de simplificação,Campanhas,NPS de ontem deixa a recuperação de outros dias pouco acessível,"O comando GerarNpsAsync usa Today.AddDays(-1), e o botão se chama NPS de ontem. Não oferece período nesse comando.","Se a rotina não for feita em um dia, o atalho seguinte não resolve explicitamente o período perdido.","Manter Ontem como opção rápida e permitir Selecionar período/Recuperar pendências, com prévia de elegíveis e de contatos já gerados.",Selecionar período anterior não duplica contatos já gerados e explica quem ficou fora.
A40,P2,Oportunidade de simplificação,Cadastro,Busca vazia orienta trocar de página para cadastrar,O componente BuscaDePacienteView mostra Pacientes → Novo paciente como instrução textual no resultado vazio.,"Um fluxo iniciado com nome/CPF precisa abandonar o seletor, cadastrar e voltar a procurar.","Quando o perfil puder cadastrar, oferecer Cadastrar esta pessoa e retornar seu ID ao fluxo de origem; checar duplicidade antes de criar.","Ao concluir cadastro a partir da busca, o paciente fica selecionado na tarefa anterior sem nova busca."
A41,P2,Oportunidade de simplificação,Clínico,Resumo de prontuário instrui abrir outra seção para trabalhar anexos,"ResumoProntuarioWindow informa que baixar ou anexar arquivos exige abrir o prontuário completo, seção Exames e anexos.","O resumo é útil para leitura, mas não oferece nessa instrução uma continuação direta para o arquivo.","Converter a orientação em Abrir exames e anexos deste paciente, mantendo sessão e seleção.",O atalho leva ao mesmo paciente e à seção correta com permissões preservadas.
A42,P2,Confirmado no código,Portal,Pendências usa uma página compartilhada entre filas diferentes,"pendencias(pagina) envia um único número e renderiza sessões, documentos e conferência da recepção, com Anterior/Próxima comuns e até 50 registros por seção.",Avançar para ver mais documentos também avança as outras listas. Uma seção vazia nessa página não significa que a fila esteja zerada.,Separar paginação/filtro por fila ou usar abas de trabalho com total e posição próprios; manter um resumo geral.,Percorrer documentos não altera a posição de sessões e recepção; os estados vazios informam o recorte.
A43,P2,Confirmado no código,Portal,Imprimir uma sessão de enfermagem busca todo o histórico paginado,folhaEnfermagem consulta a ficha e percorre todas as páginas de enfermagem antes de filtrar agendamentoId da sessão escolhida.,"O tempo de abrir uma única folha cresce com o histórico do paciente, mesmo que a sessão tenha poucos registros.",Criar leitura autorizada por sessão e carregar somente seus registros e dados de cabeçalho; manter histórico completo em consulta própria.,Abrir uma folha faz número de consultas limitado e independente da quantidade de páginas antigas.
A44,P2,Oportunidade de clareza,Portal de termos,Portal do paciente é uma entrada da equipe para coleta presencial,O site oferece Acessar o portal do paciente; a página explica que a equipe faz login e o paciente assina sem senha. O portal não é um painel de autosserviço do paciente.,"O nome amplo pode criar expectativa de consultar agenda, exames e documentos em casa, embora o texto explique a função real.",Nomear Coleta de termos na clínica no site e Termos e assinaturas na operação. Reservar Portal do paciente para autosserviço caso venha a existir.,Antes do clique a finalidade e quem faz login ficam explícitos; não se exige credencial da equipe do paciente.
A45,P2,Limitação funcional explícita,Portal de termos,Busca de pacientes atende somente BSV agendado hoje,"dia() apresenta Buscar paciente, mas informa que lista e busca mostram somente pacientes com BSV agendado para hoje.",Quem tenta colher termo de outro procedimento ou outra data encontra uma fronteira funcional que precisa conhecer.,"Renomear Buscar BSV de hoje e, se o escopo desejado for mais amplo, oferecer coleta por sessão autorizada com data/procedimento explícitos.",O campo deixa claro o universo pesquisado; eventual ampliação mantém conferência de identidade e contexto da sessão.
A46,P2,Oportunidade de simplificação,Site,Agendar consulta do cabeçalho abre página intermediária,O CTA global Agendar consulta aponta para /atendimento/. A página Contato já oferece Agendar pelo WhatsApp.,"Para quem já decidiu falar com a recepção, o cabeçalho acrescenta uma etapa informativa ao percurso.",Oferecer Falar com a recepção/Agendar pelo WhatsApp como ação direta e manter Como funciona o agendamento como orientação secundária. Medir antes de remover conteúdo útil.,O CTA informa o canal de destino e não promete reserva confirmada de horário.
A47,P2,Confirmado no código,CRM,Concluir conversa muda a lista para concluídos,"Depois de fechar o diálogo, o handler define filter=closed e atualiza a tela.",Quem está esvaziando uma fila precisa trocar novamente o filtro para continuar os atendimentos abertos.,Preservar a seleção de origem e oferecer Próximo atendimento elegível; mostrar a conclusão por confirmação e link ao histórico.,Concluir uma conversa não tira o operador da fila em que estava trabalhando.
A48,P1,Confirmado no código,CRM,Falha de atualização após concluir escreve erro em diálogo já fechado,"No handler closeForm, a conclusão é gravada, closeDialog.close() é chamado e depois ocorre await refresh(). O mesmo catch escreve em closeError, que fica dentro do diálogo fechado.","Se apenas a atualização falhar, a mensagem pode ficar fora da vista; a operação já persistida pode ser confundida com falha de conclusão.","Separar sucesso da mutação e atualização da tela. Após concluir, mostrar aviso global e Tentar atualizar se a leitura falhar.","Simular sucesso do POST e falha no refresh exibe Conclusão registrada, atualização pendente, sem repetir a conclusão."
A49,P2,Oportunidade de simplificação,CRM,Modelos WhatsApp necessários ficam em Mais ações,mountSettings move o botão templates para um details Mais ações junto a aiOfferHuman. Não é uma cópia do botão.,"Em situações que exigem modelo aprovado, a ação necessária pode ficar em um menu pouco evidente.","Quando a conversa exigir modelo, promover Enviar modelo aprovado junto ao compositor e explicar a condição; manter Mais ações para usos ocasionais.","No estado em que texto livre não pode ser enviado, o caminho disponível para um modelo aparece diretamente."
A50,P2,Confirmado no código,CRM,Alerta de espera mistura tempo corrido e expediente,"serviceWaitBadge mostra as duas medidas; renderServiceQueue conta Acima de 15 min usando Date.now()-waitingSince, isto é, tempo corrido.","O resumo não explicita no próprio título que o limite inclui período fora do expediente, embora a linha individual diferencie.","Nomear Acima de 15 min corridos e permitir alternar para Em expediente, com mesma base no indicador e na filtragem.",Uma conversa recebida fora do expediente tem classificação consistente com a métrica selecionada.
A51,P2,Confirmado no código,CRM,Listas cortadas não oferecem paginação no componente,"O CRM renderiza só 60 confirmações pendentes, 70 eventos da agenda, 60 eventos de recall e 100 candidatos de recall. O recall informa até 100 e tem filtros; esses renders não oferecem próxima página. Meu dia, ao contrário, tem atalhos para listas maiores e não é tratado como perda de acesso.",O operador precisa restringir filtros ou ir a outra área para investigar o que ficou fora; o total pode ser maior que a lista disponível.,Usar paginação/Carregar mais com total do recorte e manter falhas pendentes acessíveis independentemente da idade. Não remover limites técnicos sem paginação no servidor.,"Com mais de 100 candidatos e 60 pendências, todos os itens autorizados podem ser percorridos sem mudar artificialmente o filtro."
A52,P2,Limitação funcional explícita,Web de consulta,Prontuário web termina nas 20 sessões mais recentes,Paginas.Sessoes usa Take(20) e informa o total. Nesse render não há paginação nem caminho para sessões mais antigas.,Um usuário autorizado consulta parte do histórico e precisa mudar de aplicação para continuar.,"Oferecer Carregar anteriores ou pesquisa por período, mantendo esse produto como leitura e preservando a trilha de acesso.",Paciente fictício com 21 sessões permite alcançar a mais antiga e continua mostrando o total correto.
A53,P2,Confirmado no código,Navegação,Pesquisa de seções depende de acentos e dos nomes exatos,"ShellViewModel.Casa usa Contains com OrdinalIgnoreCase, sem normalização de acentos nem catálogo de sinônimos. Isso ignora caixa, mas não torna relatorios equivalente a relatórios.",A busca que deveria encurtar caminhos pode não encontrar o destino quando o operador escreve sem acento ou usa um nome anterior.,"Normalizar acentos e cadastrar aliases por chave canônica, como impressão, segunda via e documentos, respeitando as permissões do destino.",Pesquisar com/sem acentos retorna os mesmos destinos; aliases não revelam telas proibidas.
A54,P2,Confirmado no código,Navegação,Pesquisa sem resultados fecha o painel de resultados,"Ao terminar a busca, PesquisaAberta recebe ResultadosPesquisa.Count > 0. Com texto não vazio e zero resultados, o painel é fechado.",A pessoa não recebe nesse painel uma explicação de que não houve correspondência nem sugestão para continuar.,Manter o painel aberto para a consulta não vazia com Nenhuma seção encontrada e exemplos de busca; distinguir ausência de destino de falta de permissão sem revelar dados restritos.,Digitar termo inexistente exibe estado vazio acessível; apagar o termo fecha o painel.
A55,P3,Limitação funcional explícita,Treinamento,Progresso das aulas é local à máquina,AcervoTreinamento grava progresso-{usuarioId}.json em LocalApplicationData. O progresso desse componente não acompanha automaticamente o profissional entre computadores.,"Ao mudar de posto, o mesmo usuário pode ver aulas sem o progresso que marcou em outro dispositivo.",Explicitar Progresso neste computador ou sincronizar por usuário com política de conflito e uso offline. Manter cache de vídeo local.,"A interface informa o escopo do progresso; se houver sincronização, dois dispositivos retomam a posição correta."
A56,P2,Confirmado no código,Relacionamento,Seção CRM da ficha apresenta contatos de campanha,"RelacionamentoPacienteView chama-se Relacionamento (CRM) e fala das últimas conversas, mas renderiza Contatos com tipo, detalhe e situação de campanha; o estado vazio é Nenhum contato de campanha registrado.",O nome pode sugerir que o histórico completo de conversas do semdor-crm está ali. A auditoria não encontrou esse histórico nesse componente.,Nomear Campanhas e origem do paciente e oferecer abertura contextual da central de conversas quando a integração estiver comprovada; mostrar a origem de cada registro.,"O operador consegue distinguir contato de campanha, conversa WhatsApp e acompanhamento clínico."
A57,P3,Confirmado no código,Privacidade,Exportar meus dados usa a voz do paciente em tela da equipe,PrivacidadePacienteView apresenta Exportar meus dados na ficha de um paciente aberta pelo operador.,"O pronome meus pode ser interpretado como dados da conta conectada, em vez dos dados do paciente selecionado.","Usar Exportar dados deste paciente, com nome/identificador e descrição do conteúdo na confirmação; manter autor e destinatário distintos.",A confirmação deixa explícito de quem são os dados e qual arquivo será produzido.
A58,P2,Oportunidade de simplificação,Financeiro,"Pix presencial oferece copia e cola, sem QR nessa janela",CobrancaPixWindow exibe texto Pix copia e cola e Copiar. A explicação pede colar no aplicativo do paciente ou enviar pelo WhatsApp; a janela não contém QR.,"No balcão, transferir texto entre computador e celular acrescenta uma etapa ao pagamento.","Adicionar QR do mesmo payload e opção de impressão, com valor e recebedor visíveis. Manter o aviso de que gerar código não confirma recebimento.",QR e texto codificam exatamente o mesmo valor/referência; mudar esses campos invalida ambos.
A59,P2,Oportunidade de simplificação,Integrações,Teste de publicação deixa limpeza para o painel do provedor,EnviarExemploAsync publica um arquivo de exemplo e orienta abrir o endereço e depois apagar o objeto no painel do provedor.,Testar a configuração exige alternar de sistema e lembrar de uma limpeza manual.,"Exibir Abrir teste e Remover arquivo de teste, com identificador do objeto criado; oferecer expiração automática apenas para objetos explicitamente de teste.","O teste informa seu estado e permite limpar somente seu próprio objeto, sem acesso aos documentos reais."
A60,P2,Oportunidade de simplificação,Acesso,Troca de usuário exige reiniciar a aplicação,"TrocarUsuario avisa para salvar, abre um novo processo e encerra o atual. O comentário explica que permissões das ViewModels são construídas com a sessão.","Em posto compartilhado, a troca implica reconstruir a sessão de trabalho; não basta mudar o nome conectado.",Projetar encerramento controlado com pendências salvas/descartadas e reconstrução dos escopos de usuário. Preservar a barreira atual até comprovar isolamento entre sessões.,"A nova sessão não herda dados, botões ou permissões da anterior; alterações não salvas têm tratamento explícito."
A61,P2,Oportunidade de clareza,Exames,Estado vazio reúne nenhum pedido e todos respondidos,AnexosPacienteView mostra Nenhum exame aguardando e explica duas possibilidades: todos com resultado ou nenhum exame pedido.,"Os dois estados pedem próximos passos diferentes, mas recebem a mesma orientação.","Quando não houver pedidos, oferecer Solicitar exame ao perfil habilitado; quando todos estiverem respondidos, oferecer Ver resultados.","Os dois cenários fictícios geram mensagem e ação próprias, sem sugerir um pedido clínico automaticamente."
A62,P2,Oportunidade de simplificação,Recepção,Pagamentos vazio instrui voltar ao fechamento ou à venda,"O estado vazio de PagamentosView orienta registrar cobrança no fechamento da sessão ou na venda do pacote, sem ação contextual nesse bloco.",Quem chegou para receber precisa descobrir qual tarefa anterior está faltando e procurar o paciente novamente em outro fluxo.,"Oferecer Conferir sessões deste paciente e Ver pacotes, com retorno à cobrança. Não criar dívida automaticamente só porque a lista está vazia.",O operador pode continuar para a origem da cobrança mantendo o paciente e retornar ao recebimento.
A63,P3,Oportunidade de clareza,Nomenclatura,Acompanhamento designa cuidado clínico e retorno comercial,"AcompanhamentoView do Clínico reúne dor, medidas e avaliações. AcompanhamentoView da Recepção reúne recall e novos BSV, responsáveis e contato.","Busca, treinamento e pedidos de suporte podem usar o mesmo nome para tarefas diferentes.",Usar Evolução e medidas para a leitura clínica e Acompanhamento de retornos para a operação de contato; conservar vínculos entre os domínios.,"Menus, busca e ajuda distinguem os dois assuntos sem fundir seus dados."
A64,P1,Confirmado no código,Faturamento,Guias sem resposta no XML permanecem com decisão de aceite,"O fluxo alerta que guias ausentes no XML ficam aceitas e podem ser ajustadas manualmente. RetornoLoteWindow constrói todas as linhas e AplicarImportacao altera apenas as decisões encontradas; ao confirmar, todas entram em Decisoes.","Ausência de resposta exige correção manual para não ser tratada como decisão positiva. O aviso existe, mas o padrão favorece a conclusão indevida.","Representar Sem retorno como estado próprio, destacar divergências e exigir decisão explícita para itens ausentes antes de encerrar o lote; validar o modelo de domínio necessário.",XML parcial conserva itens ausentes como pendentes e nunca os converte silenciosamente em aceitos.
A65,P1,Confirmado no código,Faturamento,Baixar XML como segunda via regenera com dados atuais,"O botão XML é descrito como baixar novamente/2ª via. BaixarXml lê o lote e os parâmetros atuais e chama GerarLoteXml novamente, preservando o registro ANS salvo no lote. Não lê o arquivo originalmente exportado.","Depois de alterar cadastro/parâmetros, uma suposta segunda via pode não ter os mesmos bytes do XML já entregue.","Separar Baixar original arquivado e Gerar versão corrigida, com hash, data e situação de envio explícitos.",Alterar parâmetros não muda o original; regeneração fica identificada e não substitui silenciosamente o artefato enviado.
A66,P2,Confirmado no código,Faturamento,Validação TISS não expõe separadamente XSD não executado,ValidarXmlGerado faz validação estrutural e tenta XSD somente se encontrar arquivo na pasta local. Exceção nessa etapa vai para log; o retorno é apenas uma lista de problemas.,"Uma lista sem problemas não informa se o XSD rodou, faltou ou falhou; o operador não vê o nível de verificação realizado.","Retornar estado por etapa: estrutura, schema/versão, não executado e erro de validação, com correção acessível. Não prometer aceite da operadora.","Sem XSD ou com erro ao lê-lo, a tela informa validação incompleta mesmo que a estrutura básica passe."
A67,P2,Oportunidade de redesenho de regra,Faturamento,Rodada vencida bloqueia a janela até decidir todas as guias,A inicialização do Faturamento chama a rodada com bloqueante:true. Nesse modo Cancelar some e OnClosing impede fechar sem concluir todas as decisões exigidas. A ativação efetiva depende do status da rodada.,Quem precisa consultar outra informação para decidir pode ficar preso numa tarefa que exige resolver tudo naquele momento.,"Avaliar uma fila de pendências obrigatórias com progresso salvo e bloqueio apenas das ações dependentes; prever responsável, escalonamento e adiamento justificado conforme regra aprovada.","O operador consegue consultar o necessário e retomar, mantendo a obrigação de resolver as guias e o histórico das decisões."
A68,P2,Oportunidade de simplificação,Faturamento,"Radar interrompe exportação com texto, sem abrir a correção","Exportar apresenta riscos em confirmação e, ao cancelar, orienta corrigir guias/configurações. Os trechos mostram listas textuais e retorno, sem destino contextual para cada pendência.",A pessoa precisa localizar as entidades mencionadas e depois reconstruir a seleção do lote.,"Criar prévia de prontidão com linha por guia/campo e Corrigir aqui/Abrir cadastro, retomando o lote após a correção.",Cada pendência aponta para seu registro e a prévia é recalculada antes de gerar o lote.
A69,P3,Oportunidade de simplificação,Ajuda,Ajuda exige localizar manualmente arquivos de diagnóstico,AjudaView descreve caminhos de logs e pede anotar horário e tarefa. Esse componente é texto e não oferece coletar um diagnóstico.,O suporte depende de navegar no sistema de arquivos e correlacionar o episódio manualmente.,"Oferecer Copiar diagnóstico deste erro com referência, versão e contexto técnico revisável, e Abrir pasta de logs para quem estiver autorizado. Evitar incluir dados de pacientes por padrão.",Um erro tem referência recuperável e o operador consegue fornecer contexto sem procurar arquivo mensal à mão.
A70,P3,Confirmado no código,Nomenclatura,Ajuda promete que falha nunca aparece como sucesso,AjudaView usa a afirmação absoluta Falha nunca aparece como sucesso. A35 e A48 mostram percursos cujo feedback ainda precisa de correção; a frase descreve uma intenção arquitetural como garantia universal.,A ajuda pode levar a interpretar silêncio ou uma confirmação como prova de que todo o fluxo terminou.,"Explicar os estados esperados e a recuperação sem garantia absoluta: operação salva, atualização pendente, envio preparado, envio confirmado.",O texto de ajuda corresponde aos estados implementados e é verificado nos casos de falha documentados.
