repo,arquivo,linha,destino
Clinica,src/Clinica.Web/Paginas.cs,95,{p.Rota}
Clinica,src/Clinica.Web/Paginas.cs,257,/paciente/{p.Id}
clinica-site,conteudo/404.html,22,/
clinica-site,conteudo/404.html,26,/especialidades/
clinica-site,conteudo/404.html,30,/convenios/
clinica-site,conteudo/404.html,34,/contato/
clinica-site,conteudo/a-clinica.html,11,/especialidades/
clinica-site,conteudo/a-clinica.html,11,/convenios/
clinica-site,conteudo/a-clinica.html,11,/contato/
clinica-site,conteudo/a-clinica.html,11,https://www.instagram.com/clinicadadormacae/
clinica-site,conteudo/a-clinica.html,12,/especialidades/
clinica-site,conteudo/a-clinica.html,13,/dr-gustavo-lacerda/
clinica-site,conteudo/a-clinica.html,14,/contato/
clinica-site,conteudo/a-clinica.html,15,/politica-de-privacidade/
clinica-site,conteudo/a-clinica.html,15,mailto:{{
clinica-site,conteudo/acessibilidade.html,9,/contato/
clinica-site,conteudo/acessibilidade.html,11,mailto:{{
clinica-site,conteudo/acessibilidade.html,11,tel:{{
clinica-site,conteudo/acessibilidade.html,11,{{
clinica-site,conteudo/acupuntura-medica.html,17,{{
clinica-site,conteudo/acupuntura-medica.html,17,/contato/
clinica-site,conteudo/acupuntura-medica.html,23,https://www.nccih.nih.gov/health/acupuncture-effectiveness-and-safety
clinica-site,conteudo/acupuntura-medica.html,24,/clinica-da-dor/
clinica-site,conteudo/acupuntura-medica.html,49,/convenios/
clinica-site,conteudo/acupuntura-medica.html,57,/convenios/
clinica-site,conteudo/acupuntura-medica.html,58,/contato/
clinica-site,conteudo/acupuntura-medica.html,58,/atendimento/
clinica-site,conteudo/acupuntura-medica.html,60,/clinica-da-dor/
clinica-site,conteudo/acupuntura-medica.html,66,https://www.nccih.nih.gov/health/acupuncture-effectiveness-and-safety
clinica-site,conteudo/acupuntura-medica.html,67,/primeira-consulta/
clinica-site,conteudo/acupuntura-medica.html,67,/dr-gustavo-lacerda/
clinica-site,conteudo/acupuntura-medica.html,70,{{
clinica-site,conteudo/acupuntura-medica.html,70,tel:{{
clinica-site,conteudo/atendimento.html,10,{{
clinica-site,conteudo/atendimento.html,10,tel:{{
clinica-site,conteudo/atendimento.html,11,/convenios/
clinica-site,conteudo/atendimento.html,11,/primeira-consulta/
clinica-site,conteudo/atendimento.html,13,/contato/
clinica-site,conteudo/atendimento.html,13,mailto:{{
clinica-site,conteudo/bloqueio-simpatico-venoso.html,22,/primeira-consulta/
clinica-site,conteudo/bloqueio-simpatico-venoso.html,55,/convenios/
clinica-site,conteudo/bloqueio-simpatico-venoso.html,59,{{
clinica-site,conteudo/bloqueio-simpatico-venoso.html,59,tel:{{
clinica-site,conteudo/clinica-da-dor.html,19,{{
clinica-site,conteudo/clinica-da-dor.html,19,/contato/
clinica-site,conteudo/clinica-da-dor.html,35,/fibromialgia/
clinica-site,conteudo/clinica-da-dor.html,57,/acupuntura/
clinica-site,conteudo/clinica-da-dor.html,57,/especialidades/
clinica-site,conteudo/clinica-da-dor.html,87,/contato/
clinica-site,conteudo/clinica-da-dor.html,94,{{
clinica-site,conteudo/clinica-da-dor.html,94,/atendimento/
clinica-site,conteudo/clinica-da-dor.html,132,/fibromialgia/
clinica-site,conteudo/clinica-da-dor.html,144,/primeira-consulta/
clinica-site,conteudo/clinica-da-dor.html,144,/dr-gustavo-lacerda/
clinica-site,conteudo/clinica-da-dor.html,146,/convenios/
clinica-site,conteudo/clinica-da-dor.html,146,/contato/
clinica-site,conteudo/clinica-da-dor.html,156,{{
clinica-site,conteudo/clinica-da-dor.html,157,tel:{{
clinica-site,conteudo/contato.html,28,tel:{{
clinica-site,conteudo/contato.html,29,{{
clinica-site,conteudo/contato.html,30,mailto:{{
clinica-site,conteudo/contato.html,35,{{
clinica-site,conteudo/contato.html,43,{{
clinica-site,conteudo/convenios.html,110,/clinica-da-dor/
clinica-site,conteudo/convenios.html,110,/acupuntura/
clinica-site,conteudo/convenios.html,110,/especialidades/
clinica-site,conteudo/convenios.html,112,{{
clinica-site,conteudo/convenios.html,113,tel:{{
clinica-site,conteudo/dr-gustavo-lacerda.html,42,/clinica-da-dor/
clinica-site,conteudo/dr-gustavo-lacerda.html,42,/acupuntura/
clinica-site,conteudo/dr-gustavo-lacerda.html,42,/primeira-consulta/
clinica-site,conteudo/dr-gustavo-lacerda.html,46,/convenios/
clinica-site,conteudo/dr-gustavo-lacerda.html,46,/contato/
clinica-site,conteudo/dr-gustavo-lacerda.html,61,{{
clinica-site,conteudo/dr-gustavo-lacerda.html,62,tel:{{
clinica-site,conteudo/endocrinologia.html,16,{{
clinica-site,conteudo/endocrinologia.html,16,/contato/
clinica-site,conteudo/endocrinologia.html,20,https://www.endocrino.org.br/2021/08/11/10-coisas-que-voce-precisa-saber-sobre-o-endocrinologista-2/
clinica-site,conteudo/endocrinologia.html,36,/primeira-consulta/
clinica-site,conteudo/endocrinologia.html,37,/convenios/
clinica-site,conteudo/endocrinologia.html,41,/contato/
clinica-site,conteudo/endocrinologia.html,42,{{
clinica-site,conteudo/endocrinologia.html,42,tel:{{
clinica-site,conteudo/especialidades.html,28,/fibromialgia/
clinica-site,conteudo/especialidades.html,30,/contato/
clinica-site,conteudo/especialidades.html,94,/convenios/
clinica-site,conteudo/especialidades.html,108,{{
clinica-site,conteudo/especialidades.html,109,tel:{{
clinica-site,conteudo/fibromialgia.html,16,{{
clinica-site,conteudo/fibromialgia.html,16,/contato/
clinica-site,conteudo/fibromialgia.html,21,https://www.niams.nih.gov/health-topics/fibromyalgia
clinica-site,conteudo/fibromialgia.html,26,/primeira-consulta/
clinica-site,conteudo/fibromialgia.html,31,https://www.niams.nih.gov/health-topics/fibromyalgia/diagnosis-treatment-and-steps-to-take
clinica-site,conteudo/fibromialgia.html,31,/clinica-da-dor/
clinica-site,conteudo/fibromialgia.html,31,/especialidades/
clinica-site,conteudo/fibromialgia.html,38,/convenios/
clinica-site,conteudo/fibromialgia.html,44,/contato/
clinica-site,conteudo/fibromialgia.html,49,{{
clinica-site,conteudo/fibromialgia.html,49,tel:{{
clinica-site,conteudo/geriatria.html,16,{{
clinica-site,conteudo/geriatria.html,16,/contato/
clinica-site,conteudo/geriatria.html,20,https://sbgg.org.br/wp-content/uploads/2023/11/1700223168_Guia_para_jornalistas_na_cobertura_do_envelhecimento.pdf
clinica-site,conteudo/geriatria.html,26,/clinica-da-dor/
clinica-site,conteudo/geriatria.html,38,/acessibilidade/
clinica-site,conteudo/geriatria.html,39,/convenios/
clinica-site,conteudo/geriatria.html,42,/contato/
clinica-site,conteudo/geriatria.html,43,{{
clinica-site,conteudo/geriatria.html,43,tel:{{
clinica-site,conteudo/ginecologia.html,16,{{
clinica-site,conteudo/ginecologia.html,16,/contato/
clinica-site,conteudo/ginecologia.html,21,https://www.gov.br/saude/pt-br/assuntos/saude-de-a-a-z/s/saude-da-mulher
clinica-site,conteudo/ginecologia.html,36,/convenios/
clinica-site,conteudo/ginecologia.html,37,/primeira-consulta/
clinica-site,conteudo/ginecologia.html,41,/contato/
clinica-site,conteudo/ginecologia.html,42,{{
clinica-site,conteudo/ginecologia.html,42,tel:{{
clinica-site,conteudo/inicio.html,16,/clinica-da-dor/
clinica-site,conteudo/inicio.html,16,/acupuntura/
clinica-site,conteudo/inicio.html,17,/a-clinica/
clinica-site,conteudo/inicio.html,23,/atendimento/
clinica-site,conteudo/inicio.html,24,tel:{{
clinica-site,conteudo/inicio.html,27,/contato/
clinica-site,conteudo/inicio.html,35,/primeira-consulta/
clinica-site,conteudo/inicio.html,36,/convenios/
clinica-site,conteudo/inicio.html,37,/contato/
clinica-site,conteudo/inicio.html,44,/clinica-da-dor/
clinica-site,conteudo/inicio.html,44,/clinica-da-dor/
clinica-site,conteudo/inicio.html,45,/acupuntura/
clinica-site,conteudo/inicio.html,45,/acupuntura/
clinica-site,conteudo/inicio.html,46,/especialidades/
clinica-site,conteudo/inicio.html,46,/psiquiatria/
clinica-site,conteudo/inicio.html,46,/geriatria/
clinica-site,conteudo/inicio.html,46,/endocrinologia/
clinica-site,conteudo/inicio.html,46,/ginecologia/
clinica-site,conteudo/inicio.html,46,/especialidades/
clinica-site,conteudo/inicio.html,48,/fibromialgia/
clinica-site,conteudo/inicio.html,55,/dr-gustavo-lacerda/
clinica-site,conteudo/inicio.html,55,/contato/
clinica-site,conteudo/inicio.html,63,/convenios/
clinica-site,conteudo/inicio.html,63,/atendimento/
clinica-site,conteudo/inicio.html,69,/para-pacientes/
clinica-site,conteudo/inicio.html,71,/a-clinica/
clinica-site,conteudo/inicio.html,72,{{
clinica-site,conteudo/inicio.html,72,tel:{{
clinica-site,conteudo/inicio.html,72,/atendimento/
clinica-site,conteudo/inicio.html,73,/convenios/
clinica-site,conteudo/inicio.html,74,/contato/
clinica-site,conteudo/inicio.html,79,{{
clinica-site,conteudo/inicio.html,79,tel:{{
clinica-site,conteudo/para-pacientes.html,9,/atendimento/
clinica-site,conteudo/para-pacientes.html,9,/atendimento/
clinica-site,conteudo/para-pacientes.html,9,/primeira-consulta/
clinica-site,conteudo/para-pacientes.html,9,/primeira-consulta/
clinica-site,conteudo/para-pacientes.html,9,/convenios/
clinica-site,conteudo/para-pacientes.html,9,/convenios/
clinica-site,conteudo/para-pacientes.html,9,/contato/
clinica-site,conteudo/para-pacientes.html,9,/contato/
clinica-site,conteudo/para-pacientes.html,10,{{
clinica-site,conteudo/para-pacientes.html,11,/bloqueio-simpatico-venoso/
clinica-site,conteudo/para-pacientes.html,11,/acupuntura/
clinica-site,conteudo/para-pacientes.html,12,/acessibilidade/
clinica-site,conteudo/para-pacientes.html,12,/politica-de-privacidade/
clinica-site,conteudo/para-pacientes.html,12,{{
clinica-site,conteudo/politica-de-privacidade.html,21,mailto:{{
clinica-site,conteudo/politica-de-privacidade.html,42,mailto:{{
clinica-site,conteudo/primeira-consulta.html,68,/bloqueio-simpatico-venoso/
clinica-site,conteudo/primeira-consulta.html,90,{{
clinica-site,conteudo/primeira-consulta.html,91,tel:{{
clinica-site,conteudo/psiquiatria.html,16,{{
clinica-site,conteudo/psiquiatria.html,16,/contato/
clinica-site,conteudo/psiquiatria.html,21,https://www.nimh.nih.gov/health/topics/caring-for-your-mental-health
clinica-site,conteudo/psiquiatria.html,26,/primeira-consulta/
clinica-site,conteudo/psiquiatria.html,31,https://www.psychiatry.org/patients-families/what-is-psychiatry
clinica-site,conteudo/psiquiatria.html,31,/especialidades/
clinica-site,conteudo/psiquiatria.html,38,/convenios/
clinica-site,conteudo/psiquiatria.html,42,/contato/
clinica-site,conteudo/psiquiatria.html,43,{{
clinica-site,conteudo/psiquiatria.html,43,tel:{{
clinica-site,modelos/base.html,10,{{
clinica-site,modelos/base.html,31,/estatico/img/icone-32.png
clinica-site,modelos/base.html,32,/estatico/img/icone-96.png
clinica-site,modelos/base.html,33,/estatico/img/icone-180.png
clinica-site,modelos/base.html,35,/estatico/fontes/plex-sans-400.woff2
clinica-site,modelos/base.html,36,/estatico/fontes/plex-sans-600.woff2
clinica-site,modelos/base.html,37,/estatico/css/marca.css?v={{
clinica-site,modelos/base.html,38,/estatico/css/site.css?v={{
clinica-site,modelos/base.html,45,#conteudo
clinica-site,modelos/base.html,49,/
clinica-site,modelos/base.html,59,/atendimento/
clinica-site,modelos/rodape.html,11,/contato/
clinica-site,modelos/rodape.html,18,tel:{{
clinica-site,modelos/rodape.html,19,{{
clinica-site,modelos/rodape.html,20,mailto:{{
clinica-site,modelos/rodape.html,29,/a-clinica/
clinica-site,modelos/rodape.html,30,/clinica-da-dor/
clinica-site,modelos/rodape.html,31,/acupuntura/
clinica-site,modelos/rodape.html,32,/especialidades/
clinica-site,modelos/rodape.html,33,/convenios/
clinica-site,modelos/rodape.html,34,/para-pacientes/
clinica-site,modelos/rodape.html,35,{{
clinica-site,modelos/rodape.html,36,/atendimento/
clinica-site,modelos/rodape.html,37,/dr-gustavo-lacerda/
clinica-site,modelos/rodape.html,52,/politica-de-privacidade/
clinica-site,modelos/rodape.html,53,/acessibilidade/
clinica-site,modelos/rodape.html,54,/mapa-do-site/
clinica-site,portal/index.html,8,/marca/cores.css
clinica-site,portal/index.html,9,/portal.css
clinica-site,portal/index.html,13,https://clinicasemdormacae.com.br/
clinica-site,portal/index.html,13,https://clinicasemdormacae.com.br/
clinica-site,portal/index.html,14,/profissional/
clinica-site,portal/portal.js,7,/encerrar
clinica-site,portal/portal.js,26,/api
clinica-site,portal/portal.js,57,/sessao
clinica-site,portal/portal.js,74,/sessao
clinica-site,portal/portal.js,98,/api/documentos/${Number(t.documentoId)}/via
clinica-site,portal/portal.js,101,/api/documentos/${d.id}/via
clinica-site,portal/portal.js,105,/entrar
clinica-site,portal/portal.js,108,/dia
clinica-site,portal/portal.js,115,/sair
clinica-site,portal/portal.js,125,/pacientes/
clinica-site,portal/portal.js,128,/coletas/
clinica-site,portal/portal.js,130,/pacientes/
clinica-site,portal/portal.js,150,/coletas
clinica-site,portal/portal.js,188,/coletas/
clinica-site,portal/portal.js,193,/encerrar
clinica-site,portal/portal.js,195,/retornar-equipe
clinica-site,portal/portal.js,210,/coletas
clinica-site,portal/profissional/clinico.js,64,/api
clinica-site,portal/profissional/clinico.js,78,/clinico/atividade
clinica-site,portal/profissional/clinico.js,89,/sessao
clinica-site,portal/profissional/clinico.js,89,/entrar
clinica-site,portal/profissional/clinico.js,92,/sessao
clinica-site,portal/profissional/clinico.js,94,/clinico/acesso
clinica-site,portal/profissional/clinico.js,95,/clinico/safeid
clinica-site,portal/profissional/clinico.js,111,/clinico/atendimentos/
clinica-site,portal/profissional/clinico.js,144,/clinico/atendimentos/${id}/salvar
clinica-site,portal/profissional/clinico.js,155,/clinico/atendimentos/${id}/materiais
clinica-site,portal/profissional/clinico.js,162,/clinico/atendimentos/${id}/materiais
clinica-site,portal/profissional/clinico.js,193,/clinico/atendimentos/
clinica-site,portal/profissional/clinico.js,198,/api/posto/pacientes/${paciente}/anexos/${id}/conteudo
clinica-site,portal/profissional/clinico.js,201,/sessao
clinica-site,portal/profissional/clinico.js,203,/clinico/acesso
clinica-site,portal/profissional/clinico.js,220,/sessao
clinica-site,portal/profissional/clinico.js,222,/clinico/acesso
clinica-site,portal/profissional/clinico.js,251,/sessao
clinica-site,portal/profissional/clinico.js,253,/clinico/acesso
clinica-site,portal/profissional/clinico.js,292,/clinico/atendimentos/${estado.registro.agendamento.id}/${tipo}/${id}/safeid
clinica-site,portal/profissional/clinico.js,295,/clinico/safeid/
clinica-site,portal/profissional/clinico.js,298,/clinico/safeid/
clinica-site,portal/profissional/clinico.js,309,/clinico/atendimentos/${estado.registro.agendamento.id}/mapas/${id}
clinica-site,portal/profissional/clinico.js,315,/clinico/atendimentos/${id}/modelos-mapa
clinica-site,portal/profissional/clinico.js,316,/clinico/atendimentos/
clinica-site,portal/profissional/clinico.js,322,/clinico/atendimentos/${registro.agendamento.id}/novo-bsv
clinica-site,portal/profissional/clinico.js,325,/clinico/atendimentos/
clinica-site,portal/profissional/clinico.js,334,/sair
clinica-site,portal/profissional/clinico.js,345,/sessao
clinica-site,portal/profissional/clinico.js,350,/clinico/acesso
clinica-site,portal/profissional/clinico.js,367,/api/sair
clinica-site,portal/profissional/coleta.html,8,/marca/cores.css
clinica-site,portal/profissional/coleta.html,9,/portal.css
clinica-site,portal/profissional/coleta.html,10,/profissional/coleta-embutida.css
clinica-site,portal/profissional/coleta.html,14,https://clinicasemdormacae.com.br/
clinica-site,portal/profissional/coleta.html,14,https://clinicasemdormacae.com.br/
clinica-site,portal/profissional/coleta.html,15,/profissional/
clinica-site,portal/profissional/enfermagem.js,18,/posto/pacientes/${paciente}/enfermagem/contexto?data=${encodeURIComponent(dataConsultada)}
clinica-site,portal/profissional/enfermagem.js,47,/posto/pacientes/${p}/infusoes-externas
clinica-site,portal/profissional/execucao-direta.js,29,/posto/infusoes/${p.id}/checar
clinica-site,portal/profissional/ficha-edicao.js,25,/posto/pacientes/${p}/anamnese/versoes
clinica-site,portal/profissional/ficha-edicao.js,53,/posto/pacientes/${paciente}/rascunhos/${tipo}/${id}
clinica-site,portal/profissional/ficha-edicao.js,62,/posto/pacientes/${paciente}/rascunhos/${tipo}/${id}${cancelar?
clinica-site,portal/profissional/fila-enfermagem.js,11,/posto/enfermagem/sessoes/buscar
clinica-site,portal/profissional/index.html,8,/marca/cores.css
clinica-site,portal/profissional/index.html,9,/profissional/tokens/colors.css
clinica-site,portal/profissional/index.html,10,/profissional/tokens/layout.css
clinica-site,portal/profissional/index.html,11,/profissional/clinico.css
clinica-site,portal/profissional/index.html,13,./modelos.css
clinica-site,portal/profissional/index.html,14,/profissional/marca.css
clinica-site,portal/profissional/index.html,15,/profissional/sistema.css
clinica-site,portal/profissional/index.html,28,#conteudo
clinica-site,portal/profissional/index.html,30,/profissional/
clinica-site,portal/profissional/index.html,34,#ico-agenda
clinica-site,portal/profissional/index.html,34,#ico-agenda
clinica-site,portal/profissional/index.html,34,#ico-infusao
clinica-site,portal/profissional/index.html,34,#ico-pendencia
clinica-site,portal/profissional/index.html,35,#ico-paciente
clinica-site,portal/profissional/index.html,35,#ico-documento
clinica-site,portal/profissional/index.html,35,#ico-modelo
clinica-site,portal/profissional/index.html,36,/
clinica-site,portal/profissional/index.html,36,#ico-termo
clinica-site,portal/profissional/index.html,37,/profissional/treinamento/
clinica-site,portal/profissional/index.html,37,#ico-treino
clinica-site,portal/profissional/modelos-documento.js,69,/posto/modelos-documento
clinica-site,portal/profissional/observacoes-enfermagem.js,145,/posto/pacientes/${paciente}/enfermagem/observacoes
clinica-site,portal/profissional/observacoes-enfermagem.js,154,/posto/modelos-enfermagem
clinica-site,portal/profissional/posto.js,61,/posto/infusoes?pagina=0
clinica-site,portal/profissional/posto.js,111,/posto/pacientes/buscar
clinica-site,portal/profissional/posto.js,114,/posto/pacientes/${id}?pagina=${pagina}
clinica-site,portal/profissional/posto.js,119,/posto/pacientes/${id}/rascunhos/${destaque.tipo}/${destaque.id}
clinica-site,portal/profissional/posto.js,155,/posto/pacientes/${f.paciente.id}/atender
clinica-site,portal/profissional/posto.js,182,/posto/infusoes?pagina=
clinica-site,portal/profissional/posto.js,207,/posto/infusoes/
clinica-site,portal/profissional/posto.js,216,/posto/infusoes/${p.id}/checar
clinica-site,portal/profissional/posto.js,218,/posto/infusoes/${p.id}/horarios
clinica-site,portal/profissional/posto.js,218,/posto/infusoes/${p.id}/devolver
clinica-site,portal/profissional/posto.js,218,/posto/infusoes/${p.id}/cancelar
clinica-site,portal/profissional/posto.js,218,/posto/infusoes/${p.id}/encerrar
clinica-site,portal/profissional/posto.js,218,/posto/pacientes/${estado().ficha.paciente.id}/mapas/${id}
clinica-site,portal/profissional/posto.js,220,/posto/pendencias?pagina=
clinica-site,portal/profissional/posto.js,226,/posto/pendencias?pagina=
clinica-site,portal/profissional/posto.js,231,/posto/pacientes/${sessao.pacienteId}?pagina=0
clinica-site,portal/profissional/posto.js,234,/posto/pacientes/${sessao.pacienteId}?pagina=${++pagina}
clinica-site,portal/profissional/treinamento/index.html,8,/marca/cores.css
clinica-site,portal/profissional/treinamento/index.html,9,/profissional/treinamento/treinamento.css
clinica-site,portal/profissional/treinamento/index.html,13,#conteudo
clinica-site,portal/profissional/treinamento/index.html,15,/profissional/
clinica-site,portal/profissional/treinamento/index.html,16,/profissional/
clinica-site,portal/profissional/treinamento/index.html,38,/profissional/
clinica-site,portal/profissional/treinamento/treinamento.js,87,/profissional/treinamento/catalogo.json
semdor-crm,src/Clinica.Crm/wwwroot/app.js,19,/api/
semdor-crm,src/Clinica.Crm/wwwroot/app.js,19,/api/session
semdor-crm,src/Clinica.Crm/wwwroot/app.js,20,presence
semdor-crm,src/Clinica.Crm/wwwroot/app.js,49,session
semdor-crm,src/Clinica.Crm/wwwroot/app.js,52,ui-version
semdor-crm,src/Clinica.Crm/wwwroot/app.js,54,conversations
semdor-crm,src/Clinica.Crm/wwwroot/app.js,54,workspace
semdor-crm,src/Clinica.Crm/wwwroot/app.js,54,clinic
semdor-crm,src/Clinica.Crm/wwwroot/app.js,54,conversations/
semdor-crm,src/Clinica.Crm/wwwroot/app.js,71,conversations/
semdor-crm,src/Clinica.Crm/wwwroot/app.js,113,conversations/
semdor-crm,src/Clinica.Crm/wwwroot/app.js,115,login
semdor-crm,src/Clinica.Crm/wwwroot/app.js,116,logout
semdor-crm,src/Clinica.Crm/wwwroot/app.js,116,demo/incoming
semdor-crm,src/Clinica.Crm/wwwroot/app.js,123,routing-rules
semdor-crm,src/Clinica.Crm/wwwroot/app.js,124,quick-replies
semdor-crm,src/Clinica.Crm/wwwroot/app.js,127,tasks
semdor-crm,src/Clinica.Crm/wwwroot/app.js,130,conversations/
semdor-crm,src/Clinica.Crm/wwwroot/app.js,138,conversations/
semdor-crm,src/Clinica.Crm/wwwroot/app.js,141,contacts
semdor-crm,src/Clinica.Crm/wwwroot/app.js,142,tasks
semdor-crm,src/Clinica.Crm/wwwroot/app.js,143,quick-replies
semdor-crm,src/Clinica.Crm/wwwroot/app.js,146,ui-version
semdor-crm,src/Clinica.Crm/wwwroot/app.js,151,routing-rules
semdor-crm,src/Clinica.Crm/wwwroot/app.js,166,${url}
semdor-crm,src/Clinica.Crm/wwwroot/app.js,167,${url}?download=true
semdor-crm,src/Clinica.Crm/wwwroot/app.js,168,${url}?download=true
semdor-crm,src/Clinica.Crm/wwwroot/app.js,169,${url}
semdor-crm,src/Clinica.Crm/wwwroot/app.js,172,conversations/
semdor-crm,src/Clinica.Crm/wwwroot/app.js,178,availability
semdor-crm,src/Clinica.Crm/wwwroot/app.js,180,conversations
semdor-crm,src/Clinica.Crm/wwwroot/app.js,185,conversations/
semdor-crm,src/Clinica.Crm/wwwroot/app.js,185,conversations/
semdor-crm,src/Clinica.Crm/wwwroot/app.js,189,conversations/
semdor-crm,src/Clinica.Crm/wwwroot/app.js,226,templates/
semdor-crm,src/Clinica.Crm/wwwroot/app.js,253,conversations/
semdor-crm,src/Clinica.Crm/wwwroot/app.js,267,team
semdor-crm,src/Clinica.Crm/wwwroot/app.js,296,quality
semdor-crm,src/Clinica.Crm/wwwroot/app.js,303,quality/
semdor-crm,src/Clinica.Crm/wwwroot/app.js,311,quality
semdor-crm,src/Clinica.Crm/wwwroot/app.js,311,quality/
semdor-crm,src/Clinica.Crm/wwwroot/app.js,311,quality
semdor-crm,src/Clinica.Crm/wwwroot/app.js,346,reception/hours
semdor-crm,src/Clinica.Crm/wwwroot/app.js,351,clinic/reception-preset
semdor-crm,src/Clinica.Crm/wwwroot/app.js,355,clinic/config
semdor-crm,src/Clinica.Crm/wwwroot/app.js,359,clinic/specialties
semdor-crm,src/Clinica.Crm/wwwroot/app.js,369,clinic/specialties
semdor-crm,src/Clinica.Crm/wwwroot/app.js,377,templates/
semdor-crm,src/Clinica.Crm/wwwroot/app.js,378,clinic/sync
semdor-crm,src/Clinica.Crm/wwwroot/app.js,379,conversations/
semdor-crm,src/Clinica.Crm/wwwroot/app.js,383,clinic/jobs/
semdor-crm,src/Clinica.Crm/wwwroot/app.js,388,recall
semdor-crm,src/Clinica.Crm/wwwroot/app.js,388,operations
semdor-crm,src/Clinica.Crm/wwwroot/app.js,399,recall/config
semdor-crm,src/Clinica.Crm/wwwroot/app.js,400,recall/sync
semdor-crm,src/Clinica.Crm/wwwroot/app.js,401,templates/
semdor-crm,src/Clinica.Crm/wwwroot/app.js,426,operations/rates
semdor-crm,src/Clinica.Crm/wwwroot/app.js,428,operations/reschedule/
semdor-crm,src/Clinica.Crm/wwwroot/app.js,470,/message-library.json
semdor-crm,src/Clinica.Crm/wwwroot/app.js,474,templates/
semdor-crm,src/Clinica.Crm/wwwroot/app.js,476,quick-replies
semdor-crm,src/Clinica.Crm/wwwroot/app.js,491,conversations/
semdor-crm,src/Clinica.Crm/wwwroot/app.js,557,conversations/
semdor-crm,src/Clinica.Crm/wwwroot/app.js,645,ai
semdor-crm,src/Clinica.Crm/wwwroot/app.js,646,ai/simulation
semdor-crm,src/Clinica.Crm/wwwroot/app.js,658,${esc(k.sourceUrl)}
semdor-crm,src/Clinica.Crm/wwwroot/app.js,679,ai/training/
semdor-crm,src/Clinica.Crm/wwwroot/app.js,687,ai/learning/
semdor-crm,src/Clinica.Crm/wwwroot/app.js,691,ai/knowledge
semdor-crm,src/Clinica.Crm/wwwroot/app.js,694,ai/training
semdor-crm,src/Clinica.Crm/wwwroot/app.js,697,ai/runs/
semdor-crm,src/Clinica.Crm/wwwroot/app.js,699,ai/learning/config
semdor-crm,src/Clinica.Crm/wwwroot/app.js,702,ai/learning/
semdor-crm,src/Clinica.Crm/wwwroot/app.js,702,ai/knowledge
semdor-crm,src/Clinica.Crm/wwwroot/app.js,703,ai/training
semdor-crm,src/Clinica.Crm/wwwroot/app.js,705,ai/config
semdor-crm,src/Clinica.Crm/wwwroot/app.js,706,ai/connection
semdor-crm,src/Clinica.Crm/wwwroot/app.js,707,ai/test
semdor-crm,src/Clinica.Crm/wwwroot/app.js,707,ai/simulation
semdor-crm,src/Clinica.Crm/wwwroot/app.js,708,ai/simulation/reset
semdor-crm,src/Clinica.Crm/wwwroot/app.js,713,conversations/
semdor-crm,src/Clinica.Crm/wwwroot/app.js,713,conversations/
semdor-crm,src/Clinica.Crm/wwwroot/app.js,713,conversations/
semdor-crm,src/Clinica.Crm/wwwroot/app.js,713,conversations/
semdor-crm,src/Clinica.Crm/wwwroot/app.js,715,conversations/
semdor-crm,src/Clinica.Crm/wwwroot/app.js,716,conversations/
semdor-crm,src/Clinica.Crm/wwwroot/app.js,717,demo/human-request/
semdor-crm,src/Clinica.Crm/wwwroot/app.js,719,conversations/
semdor-crm,src/Clinica.Crm/wwwroot/app.js,719,conversations/
semdor-crm,src/Clinica.Crm/wwwroot/app.js,721,ai/runs/
semdor-crm,src/Clinica.Crm/wwwroot/app.js,735,clinical-dispatches
semdor-crm,src/Clinica.Crm/wwwroot/app.js,757,conversations/
semdor-crm,src/Clinica.Crm/wwwroot/app.js,782,conversations/
semdor-crm,src/Clinica.Crm/wwwroot/app.js,783,conversations/
semdor-crm,src/Clinica.Crm/wwwroot/app.js,793,conversations/
semdor-crm,src/Clinica.Crm/wwwroot/app.js,803,conversations/
semdor-crm,src/Clinica.Crm/wwwroot/booking.js,124,conversations/
semdor-crm,src/Clinica.Crm/wwwroot/conversation-workflow.js,28,conversation-attention
semdor-crm,src/Clinica.Crm/wwwroot/conversation-workflow.js,36,conversation-view
semdor-crm,src/Clinica.Crm/wwwroot/conversation-workflow.js,68,conversations/
semdor-crm,src/Clinica.Crm/wwwroot/conversation-workflow.js,70,conversations/
semdor-crm,src/Clinica.Crm/wwwroot/conversation-workflow.js,71,transfers/
semdor-crm,src/Clinica.Crm/wwwroot/conversation-workflow.js,77,conversations/
semdor-crm,src/Clinica.Crm/wwwroot/index.html,2,/assets/simbolo-semdor.png
semdor-crm,src/Clinica.Crm/wwwroot/index.html,2,/style.css
semdor-crm,src/Clinica.Crm/wwwroot/index.html,2,/clinic-ui.css
semdor-crm,src/Clinica.Crm/wwwroot/index.html,2,/booking.css
semdor-crm,src/Clinica.Crm/wwwroot/index.html,2,/conversation-workflow.css
semdor-crm,src/Clinica.Crm/wwwroot/index.html,2,/workspace-ui.css
semdor-crm,src/Clinica.Crm/wwwroot/index.html,2,/flow-editor.css
semdor-crm,src/Clinica.Crm/wwwroot/index.html,3,#workspace
semdor-crm,src/Clinica.Crm/wwwroot/index.html,4,/
