repo,arquivo,linha,metodo,rota
Clinica,src/Clinica.Assinaturas.Api/Program.cs,227,MapGet,/api/sessao
Clinica,src/Clinica.Assinaturas.Api/Program.cs,242,MapPost,/api/entrar
Clinica,src/Clinica.Assinaturas.Api/Program.cs,267,MapPost,/api/sair
Clinica,src/Clinica.Assinaturas.Api/Program.cs,275,MapPost,/api/retornar-equipe
Clinica,src/Clinica.Assinaturas.Api/Program.cs,283,MapGet,/api/dia
Clinica,src/Clinica.Assinaturas.Api/Program.cs,285,MapGet,/api/pacientes
Clinica,src/Clinica.Assinaturas.Api/Program.cs,287,MapGet,/api/pacientes/{id:int}
Clinica,src/Clinica.Assinaturas.Api/Program.cs,289,MapPost,/api/sessoes/{id:int}/preparar-termos
Clinica,src/Clinica.Assinaturas.Api/Program.cs,291,MapGet,/api/coleta-sessao
Clinica,src/Clinica.Assinaturas.Api/Program.cs,293,MapPost,/api/preparar
Clinica,src/Clinica.Assinaturas.Api/Program.cs,295,MapGet,/api/coletas
Clinica,src/Clinica.Assinaturas.Api/Program.cs,297,MapPost,/api/coletas/{id:guid}/assinar
Clinica,src/Clinica.Assinaturas.Api/Program.cs,299,MapPost,/api/encerrar
Clinica,src/Clinica.Assinaturas.Api/Program.cs,301,MapGet,/api/documentos/{id:int}/via
Clinica,src/Clinica.Assinaturas.Api/Program.cs,305,MapPost,/api/coletas/{id:guid}/retomar
Clinica,src/Clinica.Assinaturas.Api/Program.cs,314,MapGet,/health
Clinica,src/Clinica.Assinaturas.Api/RotasAtendimentoTablet.cs,17,MapGroup,/api/clinico
Clinica,src/Clinica.Assinaturas.Api/RotasAtendimentoTablet.cs,18,MapPost,/atendimentos/{id:int}/novo-bsv
Clinica,src/Clinica.Assinaturas.Api/RotasAtendimentoTablet.cs,25,MapPost,/atividade
Clinica,src/Clinica.Assinaturas.Api/RotasAtendimentoTablet.cs,30,MapGet,/acesso
Clinica,src/Clinica.Assinaturas.Api/RotasAtendimentoTablet.cs,41,MapGet,/dia
Clinica,src/Clinica.Assinaturas.Api/RotasAtendimentoTablet.cs,43,MapGet,/atendimentos/{id:int}
Clinica,src/Clinica.Assinaturas.Api/RotasAtendimentoTablet.cs,45,MapGet,/atendimentos/{id:int}/materiais
Clinica,src/Clinica.Assinaturas.Api/RotasAtendimentoTablet.cs,47,MapPost,/atendimentos/{id:int}/materiais
Clinica,src/Clinica.Assinaturas.Api/RotasAtendimentoTablet.cs,49,MapGet,/atendimentos/{id:int}/mapas/{evolucao:int}
Clinica,src/Clinica.Assinaturas.Api/RotasAtendimentoTablet.cs,51,MapPost,/atendimentos/{id:int}/salvar
Clinica,src/Clinica.Assinaturas.Api/RotasAtendimentoTablet.cs,53,MapPost,/atendimentos/{id:int}/documentos
Clinica,src/Clinica.Assinaturas.Api/RotasAtendimentoTablet.cs,55,MapPost,/atendimentos/{id:int}/modelos-mapa
Clinica,src/Clinica.Assinaturas.Api/RotasAtendimentoTablet.cs,57,MapGet,/atendimentos/{id:int}/{tipo}/{documento:int}/pdf
Clinica,src/Clinica.Assinaturas.Api/RotasAtendimentoTablet.cs,72,MapGet,/safeid
Clinica,src/Clinica.Assinaturas.Api/RotasAtendimentoTablet.cs,74,MapGet,/atendimentos/{id:int}/documento/{documento:int}/safeid/endereco
Clinica,src/Clinica.Assinaturas.Api/RotasAtendimentoTablet.cs,77,MapPost,/atendimentos/{id:int}/documento/{documento:int}/safeid/endereco
Clinica,src/Clinica.Assinaturas.Api/RotasAtendimentoTablet.cs,80,MapPost,/atendimentos/{id:int}/{tipo}/{documento:int}/safeid
Clinica,src/Clinica.Assinaturas.Api/RotasAtendimentoTablet.cs,84,MapGet,/safeid/retorno
Clinica,src/Clinica.Assinaturas.Api/RotasAtendimentoTablet.cs,90,MapGet,/safeid/{id:guid}
Clinica,src/Clinica.Assinaturas.Api/RotasAtendimentoTablet.cs,98,MapPost,/safeid/{id:guid}/concluir
Clinica,src/Clinica.Assinaturas.Api/RotasPostoTablet.cs,12,MapGroup,/api/posto
Clinica,src/Clinica.Assinaturas.Api/RotasPostoTablet.cs,13,MapPost,/enfermagem/sessoes/buscar
Clinica,src/Clinica.Assinaturas.Api/RotasPostoTablet.cs,15,MapGet,/pacientes/{id:int}/enfermagem/contexto
Clinica,src/Clinica.Assinaturas.Api/RotasPostoTablet.cs,17,MapPost,/pacientes/{id:int}/infusoes-externas
Clinica,src/Clinica.Assinaturas.Api/RotasPostoTablet.cs,19,MapPost,/pacientes/{id:int}/exames
Clinica,src/Clinica.Assinaturas.Api/RotasPostoTablet.cs,21,MapPost,/pacientes/{id:int}/enfermagem
Clinica,src/Clinica.Assinaturas.Api/RotasPostoTablet.cs,23,MapPost,/pacientes/{id:int}/enfermagem/observacoes
Clinica,src/Clinica.Assinaturas.Api/RotasPostoTablet.cs,28,MapPost,/pacientes/{id:int}/enfermagem/edicao
Clinica,src/Clinica.Assinaturas.Api/RotasPostoTablet.cs,30,MapGet,/modelos-enfermagem
Clinica,src/Clinica.Assinaturas.Api/RotasPostoTablet.cs,32,MapPost,/modelos-enfermagem
Clinica,src/Clinica.Assinaturas.Api/RotasPostoTablet.cs,34,MapGet,/modelos-evolucao
Clinica,src/Clinica.Assinaturas.Api/RotasPostoTablet.cs,36,MapPost,/modelos-evolucao
Clinica,src/Clinica.Assinaturas.Api/RotasPostoTablet.cs,38,MapPost,/modelos-documento
Clinica,src/Clinica.Assinaturas.Api/RotasPostoTablet.cs,40,MapPost,/pacientes/{id:int}/enfermagem/{evolucao:int}/vincular
Clinica,src/Clinica.Assinaturas.Api/RotasPostoTablet.cs,42,MapPost,/pacientes/{id:int}/modelos-documento
Clinica,src/Clinica.Assinaturas.Api/RotasPostoTablet.cs,44,MapGet,/pendencias
Clinica,src/Clinica.Assinaturas.Api/RotasPostoTablet.cs,46,MapGet,/modelos-documento
Clinica,src/Clinica.Assinaturas.Api/RotasPostoTablet.cs,48,MapPost,/pacientes/{id:int}/anamnese
Clinica,src/Clinica.Assinaturas.Api/RotasPostoTablet.cs,50,MapGet,/pacientes/{id:int}/anamnese/versoes
Clinica,src/Clinica.Assinaturas.Api/RotasPostoTablet.cs,52,MapPost,/pacientes/{id:int}/medidas
Clinica,src/Clinica.Assinaturas.Api/RotasPostoTablet.cs,54,MapPost,/pacientes/{id:int}/medidas/{medida:int}/cancelar
Clinica,src/Clinica.Assinaturas.Api/RotasPostoTablet.cs,56,MapPost,/pacientes/{id:int}/problemas
Clinica,src/Clinica.Assinaturas.Api/RotasPostoTablet.cs,58,MapPost,/pacientes/{id:int}/problemas/{problema:int}/situacao
Clinica,src/Clinica.Assinaturas.Api/RotasPostoTablet.cs,60,MapPost,/pacientes/{id:int}/anexos
Clinica,src/Clinica.Assinaturas.Api/RotasPostoTablet.cs,62,MapGet,/pacientes/{id:int}/anexos/{anexo:int}/conteudo
Clinica,src/Clinica.Assinaturas.Api/RotasPostoTablet.cs,67,MapGet,/pacientes/{id:int}/rascunhos/{tipo}/{documento:int}
Clinica,src/Clinica.Assinaturas.Api/RotasPostoTablet.cs,69,MapPost,/pacientes/{id:int}/rascunhos/{tipo}/{documento:int}
Clinica,src/Clinica.Assinaturas.Api/RotasPostoTablet.cs,71,MapPost,/pacientes/{id:int}/rascunhos/{tipo}/{documento:int}/cancelar
Clinica,src/Clinica.Assinaturas.Api/RotasPostoTablet.cs,73,MapGet,/agenda
Clinica,src/Clinica.Assinaturas.Api/RotasPostoTablet.cs,75,MapGet,/pacientes/{id:int}/mapas/{evolucao:int}
Clinica,src/Clinica.Assinaturas.Api/RotasPostoTablet.cs,77,MapGet,/pacientes/{id:int}/anexos/{anexo:int}/pdf
Clinica,src/Clinica.Assinaturas.Api/RotasPostoTablet.cs,79,MapPost,/pacientes/buscar
Clinica,src/Clinica.Assinaturas.Api/RotasPostoTablet.cs,81,MapGet,/pacientes/{id:int}
Clinica,src/Clinica.Assinaturas.Api/RotasPostoTablet.cs,83,MapPost,/pacientes/{id:int}/atender
Clinica,src/Clinica.Assinaturas.Api/RotasPostoTablet.cs,85,MapPost,/pacientes/{id:int}/documentos
Clinica,src/Clinica.Assinaturas.Api/RotasPostoTablet.cs,87,MapGet,/infusoes
Clinica,src/Clinica.Assinaturas.Api/RotasPostoTablet.cs,89,MapGet,/infusoes/{id:int}
Clinica,src/Clinica.Assinaturas.Api/RotasPostoTablet.cs,91,MapPost,/infusoes/{id:int}/checar
Clinica,src/Clinica.Assinaturas.Api/RotasPostoTablet.cs,93,MapPost,/infusoes/{id:int}/encerrar
Clinica,src/Clinica.Assinaturas.Api/RotasPostoTablet.cs,95,MapPost,/infusoes/{id:int}/cancelar
Clinica,src/Clinica.Assinaturas.Api/RotasPostoTablet.cs,97,MapPost,/infusoes/{id:int}/devolver
Clinica,src/Clinica.Assinaturas.Api/RotasPostoTablet.cs,99,MapPost,/infusoes/{id:int}/horarios
Clinica,src/Clinica.Web/Program.cs,84,MapGet,/
Clinica,src/Clinica.Web/Program.cs,92,MapGet,/entrar
Clinica,src/Clinica.Web/Program.cs,95,MapPost,/entrar
Clinica,src/Clinica.Web/Program.cs,131,MapPost,/sair
Clinica,src/Clinica.Web/Program.cs,141,MapGet,/dia
Clinica,src/Clinica.Web/Program.cs,155,MapGet,/painel
Clinica,src/Clinica.Web/Program.cs,165,MapGet,/pacientes
Clinica,src/Clinica.Web/Program.cs,178,MapGet,/paciente/{id:int}
semdor-crm,src/Clinica.Crm.Bridge/Program.cs,31,MapGet,/crm/snapshot
semdor-crm,src/Clinica.Crm.Bridge/Program.cs,32,MapGet,/crm/recall
semdor-crm,src/Clinica.Crm.Bridge/Program.cs,33,MapPost,/crm/recall/notice
semdor-crm,src/Clinica.Crm.Bridge/Program.cs,34,MapPost,/crm/decision
semdor-crm,src/Clinica.Crm.Bridge/Program.cs,35,MapPost,/crm/v1/appointments/slots
semdor-crm,src/Clinica.Crm.Bridge/Program.cs,36,MapPost,/crm/v1/appointments/reschedule
semdor-crm,src/Clinica.Crm/ConversationWorkflow.cs,146,MapPost,/conversations/{id}/transfer-requests
semdor-crm,src/Clinica.Crm/ConversationWorkflow.cs,148,MapPost,/transfers/{requestId}/{action}
semdor-crm,src/Clinica.Crm/ConversationWorkflow.cs,149,MapGet,/conversation-attention
semdor-crm,src/Clinica.Crm/ConversationWorkflow.cs,150,MapPost,/conversations/{id}/followup
semdor-crm,src/Clinica.Crm/ConversationWorkflow.cs,151,MapPost,/conversations/{id}/pin-note
semdor-crm,src/Clinica.Crm/ConversationWorkflow.cs,152,MapPost,/conversation-view
semdor-crm,src/Clinica.Crm/Program.cs,129,MapGet,/health
semdor-crm,src/Clinica.Crm/Program.cs,130,MapGet,/health/ready
semdor-crm,src/Clinica.Crm/Program.cs,133,MapGet,/api/ui-version
semdor-crm,src/Clinica.Crm/Program.cs,135,MapGet,/api/session
semdor-crm,src/Clinica.Crm/Program.cs,144,MapPost,/api/login
semdor-crm,src/Clinica.Crm/Program.cs,157,MapGroup,/api
semdor-crm,src/Clinica.Crm/Program.cs,176,MapPost,/logout
semdor-crm,src/Clinica.Crm/Program.cs,180,MapPost,/presence
semdor-crm,src/Clinica.Crm/Program.cs,182,MapGet,/conversations
semdor-crm,src/Clinica.Crm/Program.cs,187,MapPost,/conversations
semdor-crm,src/Clinica.Crm/Program.cs,188,MapPost,/conversations/{id}/read
semdor-crm,src/Clinica.Crm/Program.cs,189,MapGet,/templates/{sender}
semdor-crm,src/Clinica.Crm/Program.cs,190,MapPost,/conversations/{id}/attachments
semdor-crm,src/Clinica.Crm/Program.cs,206,MapGet,/attachments/{id}
semdor-crm,src/Clinica.Crm/Program.cs,212,MapGet,/conversations/{id}/media/{messageId}
semdor-crm,src/Clinica.Crm/Program.cs,226,MapGet,/conversations/{id}
semdor-crm,src/Clinica.Crm/Program.cs,227,MapGet,/ai
semdor-crm,src/Clinica.Crm/Program.cs,231,MapPost,/ai/learning/config
semdor-crm,src/Clinica.Crm/Program.cs,232,MapPost,/ai/observe
semdor-crm,src/Clinica.Crm/Program.cs,233,MapPost,/ai/learning/{id}/review
semdor-crm,src/Clinica.Crm/Program.cs,234,MapPost,/ai/learning/{id}/dismiss
semdor-crm,src/Clinica.Crm/Program.cs,235,MapPost,/ai/config
semdor-crm,src/Clinica.Crm/Program.cs,240,MapPost,/ai/knowledge
semdor-crm,src/Clinica.Crm/Program.cs,241,MapPost,/ai/connection
semdor-crm,src/Clinica.Crm/Program.cs,244,MapGet,/ai/simulation
semdor-crm,src/Clinica.Crm/Program.cs,245,MapPost,/ai/simulation/reset
semdor-crm,src/Clinica.Crm/Program.cs,246,MapPost,/ai/test
semdor-crm,src/Clinica.Crm/Program.cs,247,MapPost,/ai/training
semdor-crm,src/Clinica.Crm/Program.cs,248,MapPost,/ai/training/{trainingId}/test
semdor-crm,src/Clinica.Crm/Program.cs,249,MapPost,/ai/runs/{runId}/feedback
semdor-crm,src/Clinica.Crm/Program.cs,250,MapPost,/conversations/{id}/human
semdor-crm,src/Clinica.Crm/Program.cs,251,MapPost,/conversations/{id}/return-to-ai
semdor-crm,src/Clinica.Crm/Program.cs,252,MapGet,/conversations/{id}/ai-history
semdor-crm,src/Clinica.Crm/Program.cs,253,MapPost,/demo/ai-message
semdor-crm,src/Clinica.Crm/Program.cs,261,MapPost,/demo/ai-reply/{id}
semdor-crm,src/Clinica.Crm/Program.cs,263,MapPost,/conversations/{id}/ai-suggestion
semdor-crm,src/Clinica.Crm/Program.cs,268,MapPost,/demo/human-request/{id}
semdor-crm,src/Clinica.Crm/Program.cs,274,MapPost,/conversations/{id}/details
semdor-crm,src/Clinica.Crm/Program.cs,275,MapPost,/conversations/{id}/notes
semdor-crm,src/Clinica.Crm/Program.cs,276,MapGet,/workspace
semdor-crm,src/Clinica.Crm/Program.cs,277,MapPost,/routing-rules
semdor-crm,src/Clinica.Crm/Program.cs,278,MapPost,/team
semdor-crm,src/Clinica.Crm/Program.cs,279,MapPost,/availability
semdor-crm,src/Clinica.Crm/Program.cs,280,MapGet,/reception/hours
semdor-crm,src/Clinica.Crm/Program.cs,281,MapPost,/reception/hours
semdor-crm,src/Clinica.Crm/Program.cs,282,MapGet,/quality
semdor-crm,src/Clinica.Crm/Program.cs,283,MapGet,/quality/{id}
semdor-crm,src/Clinica.Crm/Program.cs,284,MapPost,/quality
semdor-crm,src/Clinica.Crm/Program.cs,285,MapPost,/contacts
semdor-crm,src/Clinica.Crm/Program.cs,286,MapGet,/clinic
semdor-crm,src/Clinica.Crm/Program.cs,295,MapGet,/clinic/specialties
semdor-crm,src/Clinica.Crm/Program.cs,296,MapPost,/clinic/specialties
semdor-crm,src/Clinica.Crm/Program.cs,297,MapPost,/clinic/config
semdor-crm,src/Clinica.Crm/Program.cs,298,MapPost,/clinic/reception-preset
semdor-crm,src/Clinica.Crm/Program.cs,299,MapGet,/conversations/{id}/clinic-context
semdor-crm,src/Clinica.Crm/Program.cs,301,MapGet,/conversations/{id}/scheduling
semdor-crm,src/Clinica.Crm/Program.cs,302,MapGet,/conversations/{id}/booking
semdor-crm,src/Clinica.Crm/Program.cs,303,MapGet,/conversations/{id}/booking/catalog
semdor-crm,src/Clinica.Crm/Program.cs,304,MapPost,/conversations/{id}/booking/calendar
semdor-crm,src/Clinica.Crm/Program.cs,305,MapPost,/conversations/{id}/booking/slots
semdor-crm,src/Clinica.Crm/Program.cs,306,MapPost,/conversations/{id}/booking/hold
semdor-crm,src/Clinica.Crm/Program.cs,307,MapPost,/conversations/{id}/booking/{operation}
semdor-crm,src/Clinica.Crm/Program.cs,308,MapPost,/conversations/{id}/scheduling/slots
semdor-crm,src/Clinica.Crm/Program.cs,310,MapPost,/conversations/{id}/scheduling/reschedule
semdor-crm,src/Clinica.Crm/Program.cs,312,MapGet,/conversations/{id}/scheduling/{offerId}/draft
semdor-crm,src/Clinica.Crm/Program.cs,314,MapGet,/recall
semdor-crm,src/Clinica.Crm/Program.cs,319,MapPost,/recall/config
semdor-crm,src/Clinica.Crm/Program.cs,320,MapPost,/recall/sync
semdor-crm,src/Clinica.Crm/Program.cs,321,MapGet,/operations
semdor-crm,src/Clinica.Crm/Program.cs,322,MapGet,/operations/health
semdor-crm,src/Clinica.Crm/Program.cs,325,MapPost,/operations/rates
semdor-crm,src/Clinica.Crm/Program.cs,326,MapPost,/operations/reschedule/{id}
semdor-crm,src/Clinica.Crm/Program.cs,327,MapPost,/clinic/jobs/{id}/retry
semdor-crm,src/Clinica.Crm/Program.cs,328,MapGet,/clinical-dispatches
semdor-crm,src/Clinica.Crm/Program.cs,333,MapPost,/clinic/sync
semdor-crm,src/Clinica.Crm/Program.cs,334,MapPost,/conversations/{id}/specialty
semdor-crm,src/Clinica.Crm/Program.cs,335,MapPost,/tasks
semdor-crm,src/Clinica.Crm/Program.cs,336,MapPost,/quick-replies
semdor-crm,src/Clinica.Crm/Program.cs,337,MapPost,/conversations/{id}/{action:regex(^(claim|transfer|reopen)$)}
semdor-crm,src/Clinica.Crm/Program.cs,338,MapPost,/conversations/{id}/reassign
semdor-crm,src/Clinica.Crm/Program.cs,339,MapPost,/conversations/{id}/close
semdor-crm,src/Clinica.Crm/Program.cs,340,MapPost,/conversations/{id}/reply
semdor-crm,src/Clinica.Crm/Program.cs,352,MapPost,/demo/incoming
semdor-crm,src/Clinica.Crm/Program.cs,364,MapPost,/webhooks/infobip/{kind}
