repo,arquivo,tipo,linhas
Clinica,src/Clinica.Clinico/App.xaml,XAML,12
Clinica,src/Clinica.Desktop.Shell/Componentes/AjudaView.xaml,XAML,97
Clinica,src/Clinica.Desktop.Shell/Componentes/AssinaturaPacienteWindow.xaml,XAML,376
Clinica,src/Clinica.Desktop.Shell/Componentes/BuscaCidWindow.xaml,XAML,66
Clinica,src/Clinica.Desktop.Shell/Componentes/BuscaDePacienteView.xaml,XAML,140
Clinica,src/Clinica.Desktop.Shell/Componentes/Cadastro/CadastroPacienteWindow.xaml,XAML,130
Clinica,src/Clinica.Desktop.Shell/Componentes/CatalogoEnfermagemWindow.xaml,XAML,141
Clinica,src/Clinica.Desktop.Shell/Componentes/CatalogoPacotesWindow.xaml,XAML,82
Clinica,src/Clinica.Desktop.Shell/Componentes/CobrancaDoPacienteWindow.xaml,XAML,134
Clinica,src/Clinica.Desktop.Shell/Componentes/ConsultaContextualWindow.xaml,XAML,17
Clinica,src/Clinica.Desktop.Shell/Componentes/ConsultaDeEnfermagemView.xaml,XAML,64
Clinica,src/Clinica.Desktop.Shell/Componentes/ConsultaDeEnfermagemWindow.xaml,XAML,80
Clinica,src/Clinica.Desktop.Shell/Componentes/ConsumosPacoteWindow.xaml,XAML,104
Clinica,src/Clinica.Desktop.Shell/Componentes/DadosClinicaView.xaml,XAML,21
Clinica,src/Clinica.Desktop.Shell/Componentes/DadosRecebimentoView.xaml,XAML,25
Clinica,src/Clinica.Desktop.Shell/Componentes/DetalheSessaoWindow.xaml,XAML,129
Clinica,src/Clinica.Desktop.Shell/Componentes/DocumentoWindow.xaml,XAML,416
Clinica,src/Clinica.Desktop.Shell/Componentes/EnfermagemView.xaml,XAML,464
Clinica,src/Clinica.Desktop.Shell/Componentes/EscolhaDeConvenioWindow.xaml,XAML,103
Clinica,src/Clinica.Desktop.Shell/Componentes/EscolherCertificadoWindow.xaml,XAML,147
Clinica,src/Clinica.Desktop.Shell/Componentes/EscolherPacienteWindow.xaml,XAML,59
Clinica,src/Clinica.Desktop.Shell/Componentes/EscolherSessaoDoTermoWindow.xaml,XAML,53
Clinica,src/Clinica.Desktop.Shell/Componentes/EscolherSessaoEnfermagemWindow.xaml,XAML,19
Clinica,src/Clinica.Desktop.Shell/Componentes/EscolherTermoWindow.xaml,XAML,68
Clinica,src/Clinica.Desktop.Shell/Componentes/EscreverSessaoWindow.xaml,XAML,175
Clinica,src/Clinica.Desktop.Shell/Componentes/EvolucaoEnfermagemWindow.xaml,XAML,117
Clinica,src/Clinica.Desktop.Shell/Componentes/FolhaDaSessaoView.xaml,XAML,187
Clinica,src/Clinica.Desktop.Shell/Componentes/FolhaExecucaoWindow.xaml,XAML,355
Clinica,src/Clinica.Desktop.Shell/Componentes/InfusaoExternaWindow.xaml,XAML,57
Clinica,src/Clinica.Desktop.Shell/Componentes/LegendaFamiliasView.xaml,XAML,62
Clinica,src/Clinica.Desktop.Shell/Componentes/LinhaDoTempoClinicaView.xaml,XAML,226
Clinica,src/Clinica.Desktop.Shell/Componentes/MapaCorporalControl.xaml,XAML,164
Clinica,src/Clinica.Desktop.Shell/Componentes/MapaCorporalWindow.xaml,XAML,42
Clinica,src/Clinica.Desktop.Shell/Componentes/MateriaisProcedimentoWindow.xaml,XAML,48
Clinica,src/Clinica.Desktop.Shell/Componentes/ModelosEvolucaoWindow.xaml,XAML,146
Clinica,src/Clinica.Desktop.Shell/Componentes/PacoteCatalogoWindow.xaml,XAML,77
Clinica,src/Clinica.Desktop.Shell/Componentes/PacoteVendaWindow.xaml,XAML,242
Clinica,src/Clinica.Desktop.Shell/Componentes/PacotesView.xaml,XAML,181
Clinica,src/Clinica.Desktop.Shell/Componentes/PainelDoPacienteWindow.xaml,XAML,110
Clinica,src/Clinica.Desktop.Shell/Componentes/PassagemDeEnfermagemView.xaml,XAML,130
Clinica,src/Clinica.Desktop.Shell/Componentes/PassagensDeEnfermagemView.xaml,XAML,180
Clinica,src/Clinica.Desktop.Shell/Componentes/PrecoParticularWindow.xaml,XAML,83
Clinica,src/Clinica.Desktop.Shell/Componentes/PrecosParticularView.xaml,XAML,153
Clinica,src/Clinica.Desktop.Shell/Componentes/ProcessoDeEnfermagemView.xaml,XAML,294
Clinica,src/Clinica.Desktop.Shell/Componentes/RecebimentoWindow.xaml,XAML,25
Clinica,src/Clinica.Desktop.Shell/Componentes/RegrasFaturamentoView.xaml,XAML,47
Clinica,src/Clinica.Desktop.Shell/Componentes/SalaInfusaoView.xaml,XAML,264
Clinica,src/Clinica.Desktop.Shell/Componentes/SessaoDoProntuarioWindow.xaml,XAML,160
Clinica,src/Clinica.Desktop.Shell/Componentes/TelaComAbas.xaml,XAML,44
Clinica,src/Clinica.Desktop.Shell/Componentes/TrocaSenhaWindow.xaml,XAML,37
Clinica,src/Clinica.Desktop.Shell/Componentes/VersoesEvolucaoWindow.xaml,XAML,108
Clinica,src/Clinica.Desktop.Shell/Controls/CapturaFotoWindow.xaml,XAML,62
Clinica,src/Clinica.Desktop.Shell/Controls/PromptWindow.xaml,XAML,30
Clinica,src/Clinica.Desktop.Shell/Shell/LoginWindow.xaml,XAML,170
Clinica,src/Clinica.Desktop.Shell/Shell/SetupWindow.xaml,XAML,48
Clinica,src/Clinica.Desktop.Shell/Shell/ShellWindow.xaml,XAML,345
Clinica,src/Clinica.Desktop.Shell/Styles/Componentes/Abas.xaml,XAML,123
Clinica,src/Clinica.Desktop.Shell/Styles/Componentes/AgendaModeloA.xaml,XAML,85
Clinica,src/Clinica.Desktop.Shell/Styles/Componentes/Botoes.xaml,XAML,254
Clinica,src/Clinica.Desktop.Shell/Styles/Componentes/Campos.xaml,XAML,574
Clinica,src/Clinica.Desktop.Shell/Styles/Componentes/Cartoes.xaml,XAML,448
Clinica,src/Clinica.Desktop.Shell/Styles/Componentes/Feedback.xaml,XAML,375
Clinica,src/Clinica.Desktop.Shell/Styles/Componentes/Graficos.xaml,XAML,54
Clinica,src/Clinica.Desktop.Shell/Styles/Componentes/Icones.xaml,XAML,72
Clinica,src/Clinica.Desktop.Shell/Styles/Componentes/Midia.xaml,XAML,64
Clinica,src/Clinica.Desktop.Shell/Styles/Componentes/Navegacao.xaml,XAML,130
Clinica,src/Clinica.Desktop.Shell/Styles/Componentes/Pacientes.xaml,XAML,190
Clinica,src/Clinica.Desktop.Shell/Styles/Componentes/Selecao.xaml,XAML,223
Clinica,src/Clinica.Desktop.Shell/Styles/Componentes/Sobreposicao.xaml,XAML,142
Clinica,src/Clinica.Desktop.Shell/Styles/Componentes/Tabelas.xaml,XAML,109
Clinica,src/Clinica.Desktop.Shell/Styles/Suite.xaml,XAML,28
Clinica,src/Clinica.Desktop.Shell/Styles/Theme.xaml,XAML,126
Clinica,src/Clinica.Desktop.Shell/Styles/Tokens.xaml,XAML,197
Clinica,src/Clinica.Desktop.Shell/Treinamento/TreinamentoView.xaml,XAML,37
Clinica,src/Clinica.Desktop/App.xaml,XAML,9
Clinica,src/Clinica.Financeiro/App.xaml,XAML,12
Clinica,src/Clinica.Gerente/App.xaml,XAML,12
Clinica,src/Clinica.Modulo.Clinico/Janelas/AnexosSessaoWindow.xaml,XAML,124
Clinica,src/Clinica.Modulo.Clinico/Janelas/AplicarAvaliacaoWindow.xaml,XAML,89
Clinica,src/Clinica.Modulo.Clinico/Janelas/PrescricaoInternaWindow.xaml,XAML,276
Clinica,src/Clinica.Modulo.Clinico/Janelas/ProblemaWindow.xaml,XAML,107
Clinica,src/Clinica.Modulo.Clinico/Janelas/RegistrarMedidaWindow.xaml,XAML,85
Clinica,src/Clinica.Modulo.Clinico/Janelas/RegistrarResultadoExameWindow.xaml,XAML,136
Clinica,src/Clinica.Modulo.Clinico/Janelas/ResultadosDoPedidoWindow.xaml,XAML,122
Clinica,src/Clinica.Modulo.Clinico/Janelas/ResumoProntuarioWindow.xaml,XAML,212
Clinica,src/Clinica.Modulo.Clinico/Views/AcompanhamentoView.xaml,XAML,32
Clinica,src/Clinica.Modulo.Clinico/Views/AnamneseView.xaml,XAML,202
Clinica,src/Clinica.Modulo.Clinico/Views/AnexosPacienteView.xaml,XAML,330
Clinica,src/Clinica.Modulo.Clinico/Views/AtendimentoEnfermagemView.xaml,XAML,376
Clinica,src/Clinica.Modulo.Clinico/Views/AtendimentoView.xaml,XAML,433
Clinica,src/Clinica.Modulo.Clinico/Views/AvaliacoesView.xaml,XAML,197
Clinica,src/Clinica.Modulo.Clinico/Views/DocumentosPacienteView.xaml,XAML,17
Clinica,src/Clinica.Modulo.Clinico/Views/EmissoesNoAtendimentoView.xaml,XAML,177
Clinica,src/Clinica.Modulo.Clinico/Views/EvolucaoDorView.xaml,XAML,192
Clinica,src/Clinica.Modulo.Clinico/Views/ExamesView.xaml,XAML,209
Clinica,src/Clinica.Modulo.Clinico/Views/MedidasView.xaml,XAML,286
Clinica,src/Clinica.Modulo.Clinico/Views/MeuDiaView.xaml,XAML,350
Clinica,src/Clinica.Modulo.Clinico/Views/MeusNumerosView.xaml,XAML,215
Clinica,src/Clinica.Modulo.Clinico/Views/MinhaSemanaView.xaml,XAML,270
Clinica,src/Clinica.Modulo.Clinico/Views/PacienteCapaView.xaml,XAML,131
Clinica,src/Clinica.Modulo.Clinico/Views/PacienteView.xaml,XAML,28
Clinica,src/Clinica.Modulo.Clinico/Views/PacienteWorkspaceView.xaml,XAML,545
Clinica,src/Clinica.Modulo.Clinico/Views/PrescricaoInfusaoView.xaml,XAML,204
Clinica,src/Clinica.Modulo.Clinico/Views/PrescricoesClinicasView.xaml,XAML,318
Clinica,src/Clinica.Modulo.Clinico/Views/ProntuarioClinicoView.xaml,XAML,141
Clinica,src/Clinica.Modulo.Clinico/Views/ProntuariosView.xaml,XAML,235
Clinica,src/Clinica.Modulo.Clinico/Views/RegistrosPendentesView.xaml,XAML,142
Clinica,src/Clinica.Modulo.Clinico/Views/SessoesEnfermagemView.xaml,XAML,58
Clinica,src/Clinica.Modulo.Clinico/Views/SessoesPacienteView.xaml,XAML,46
Clinica,src/Clinica.Modulo.Faturamento/Alertas/AvisoPendenciasWindow.xaml,XAML,55
Clinica,src/Clinica.Modulo.Faturamento/Alertas/BaixaGuiaWindow.xaml,XAML,42
Clinica,src/Clinica.Modulo.Faturamento/Alertas/BaixaLoteWindow.xaml,XAML,57
Clinica,src/Clinica.Modulo.Faturamento/Alertas/ConvenioWindow.xaml,XAML,230
Clinica,src/Clinica.Modulo.Faturamento/Alertas/EnvioLoteWindow.xaml,XAML,31
Clinica,src/Clinica.Modulo.Faturamento/Alertas/GlosaWindow.xaml,XAML,56
Clinica,src/Clinica.Modulo.Faturamento/Alertas/GuiaGlosasWindow.xaml,XAML,108
Clinica,src/Clinica.Modulo.Faturamento/Alertas/HistoricoGuiaWindow.xaml,XAML,99
Clinica,src/Clinica.Modulo.Faturamento/Alertas/NaoConformidadeWindow.xaml,XAML,29
Clinica,src/Clinica.Modulo.Faturamento/Alertas/ObservacaoPendenciaWindow.xaml,XAML,31
Clinica,src/Clinica.Modulo.Faturamento/Alertas/RegrasFamiliaWindow.xaml,XAML,58
Clinica,src/Clinica.Modulo.Faturamento/Alertas/RetornoLoteWindow.xaml,XAML,78
Clinica,src/Clinica.Modulo.Faturamento/Alertas/RodadaPendenciasWindow.xaml,XAML,72
Clinica,src/Clinica.Modulo.Faturamento/Styles/Componentes/Tabelas.xaml,XAML,63
Clinica,src/Clinica.Modulo.Faturamento/Styles/Conversores.xaml,XAML,30
Clinica,src/Clinica.Modulo.Faturamento/Views/BaixaView.xaml,XAML,67
Clinica,src/Clinica.Modulo.Faturamento/Views/ConsultaGuiasView.xaml,XAML,191
Clinica,src/Clinica.Modulo.Faturamento/Views/DashboardView.xaml,XAML,572
Clinica,src/Clinica.Modulo.Faturamento/Views/FaturadosView.xaml,XAML,112
Clinica,src/Clinica.Modulo.Faturamento/Views/FaturamentoHostView.xaml,XAML,47
Clinica,src/Clinica.Modulo.Faturamento/Views/GlosasView.xaml,XAML,152
Clinica,src/Clinica.Modulo.Faturamento/Views/NaoConformidadesView.xaml,XAML,113
Clinica,src/Clinica.Modulo.Faturamento/Views/ParametrosView.xaml,XAML,269
Clinica,src/Clinica.Modulo.Faturamento/Views/RelatoriosView.xaml,XAML,297
Clinica,src/Clinica.Modulo.Faturamento/Views/TissView.xaml,XAML,92
Clinica,src/Clinica.Modulo.Financeiro/Janelas/CategoriaWindow.xaml,XAML,46
Clinica,src/Clinica.Modulo.Financeiro/Janelas/CobrancaPixWindow.xaml,XAML,95
Clinica,src/Clinica.Modulo.Financeiro/Janelas/ContaWindow.xaml,XAML,92
Clinica,src/Clinica.Modulo.Financeiro/Janelas/ContasFixasWindow.xaml,XAML,90
Clinica,src/Clinica.Modulo.Financeiro/Janelas/ExtratoEstoqueWindow.xaml,XAML,110
Clinica,src/Clinica.Modulo.Financeiro/Janelas/ItemEstoqueWindow.xaml,XAML,89
Clinica,src/Clinica.Modulo.Financeiro/Janelas/LancamentoWindow.xaml,XAML,172
Clinica,src/Clinica.Modulo.Financeiro/Janelas/MovimentoEstoqueWindow.xaml,XAML,138
Clinica,src/Clinica.Modulo.Financeiro/Janelas/OrcamentoWindow.xaml,XAML,45
Clinica,src/Clinica.Modulo.Financeiro/Janelas/RecorrenteWindow.xaml,XAML,93
Clinica,src/Clinica.Modulo.Financeiro/Janelas/RegraRepasseWindow.xaml,XAML,99
Clinica,src/Clinica.Modulo.Financeiro/Janelas/RegrasRepasseWindow.xaml,XAML,116
Clinica,src/Clinica.Modulo.Financeiro/Janelas/TaxaWindow.xaml,XAML,113
Clinica,src/Clinica.Modulo.Financeiro/Janelas/TributoWindow.xaml,XAML,98
Clinica,src/Clinica.Modulo.Financeiro/Janelas/ValidadesEstoqueWindow.xaml,XAML,80
Clinica,src/Clinica.Modulo.Financeiro/Views/CaixaView.xaml,XAML,291
Clinica,src/Clinica.Modulo.Financeiro/Views/ConciliacaoView.xaml,XAML,476
Clinica,src/Clinica.Modulo.Financeiro/Views/ContasView.xaml,XAML,260
Clinica,src/Clinica.Modulo.Financeiro/Views/EstoqueView.xaml,XAML,295
Clinica,src/Clinica.Modulo.Financeiro/Views/ExtratoBancoView.xaml,XAML,172
Clinica,src/Clinica.Modulo.Financeiro/Views/FechamentoCaixaView.xaml,XAML,289
Clinica,src/Clinica.Modulo.Financeiro/Views/FluxoCaixaView.xaml,XAML,293
Clinica,src/Clinica.Modulo.Financeiro/Views/InadimplenciaView.xaml,XAML,312
Clinica,src/Clinica.Modulo.Financeiro/Views/PlanoContasView.xaml,XAML,103
Clinica,src/Clinica.Modulo.Financeiro/Views/ProducaoView.xaml,XAML,155
Clinica,src/Clinica.Modulo.Financeiro/Views/RecebiveisView.xaml,XAML,295
Clinica,src/Clinica.Modulo.Financeiro/Views/RepassesView.xaml,XAML,125
Clinica,src/Clinica.Modulo.Financeiro/Views/ResultadoView.xaml,XAML,277
Clinica,src/Clinica.Modulo.Financeiro/Views/TaxasView.xaml,XAML,501
Clinica,src/Clinica.Modulo.Gerente/Janelas/MetaWindow.xaml,XAML,104
Clinica,src/Clinica.Modulo.Gerente/Janelas/PrecoConvenioWindow.xaml,XAML,98
Clinica,src/Clinica.Modulo.Gerente/Janelas/UsuarioWindow.xaml,XAML,204
Clinica,src/Clinica.Modulo.Gerente/Views/AcessosView.xaml,XAML,158
Clinica,src/Clinica.Modulo.Gerente/Views/AuditoriaView.xaml,XAML,260
Clinica,src/Clinica.Modulo.Gerente/Views/CampanhasView.xaml,XAML,200
Clinica,src/Clinica.Modulo.Gerente/Views/CamposPersonalizadosWindow.xaml,XAML,170
Clinica,src/Clinica.Modulo.Gerente/Views/ConfiguracoesView.xaml,XAML,389
Clinica,src/Clinica.Modulo.Gerente/Views/CustoTransacaoView.xaml,XAML,311
Clinica,src/Clinica.Modulo.Gerente/Views/DocumentosEmitidosView.xaml,XAML,330
Clinica,src/Clinica.Modulo.Gerente/Views/FaturamentoGerencialView.xaml,XAML,317
Clinica,src/Clinica.Modulo.Gerente/Views/GuardaProntuarioView.xaml,XAML,222
Clinica,src/Clinica.Modulo.Gerente/Views/ImportacaoPacientesView.xaml,XAML,323
Clinica,src/Clinica.Modulo.Gerente/Views/IndicadoresView.xaml,XAML,331
Clinica,src/Clinica.Modulo.Gerente/Views/MetasView.xaml,XAML,187
Clinica,src/Clinica.Modulo.Gerente/Views/ModelosTermoWindow.xaml,XAML,241
Clinica,src/Clinica.Modulo.Gerente/Views/OrigensView.xaml,XAML,162
Clinica,src/Clinica.Modulo.Gerente/Views/PainelDirecaoView.xaml,XAML,378
Clinica,src/Clinica.Modulo.Gerente/Views/PrecosConvenioView.xaml,XAML,199
Clinica,src/Clinica.Modulo.Gerente/Views/RentabilidadeConvenioView.xaml,XAML,270
Clinica,src/Clinica.Modulo.Gerente/Views/RetencaoView.xaml,XAML,183
Clinica,src/Clinica.Modulo.Recepcao/Janelas/AgendamentoWindow.xaml,XAML,225
Clinica,src/Clinica.Modulo.Recepcao/Janelas/AutorizacaoWindow.xaml,XAML,116
Clinica,src/Clinica.Modulo.Recepcao/Janelas/BloqueioWindow.xaml,XAML,93
Clinica,src/Clinica.Modulo.Recepcao/Janelas/ConciliacaoAgendaWindow.xaml,XAML,176
Clinica,src/Clinica.Modulo.Recepcao/Janelas/ConfirmacoesWindow.xaml,XAML,17
Clinica,src/Clinica.Modulo.Recepcao/Janelas/DetalheHorarioWindow.xaml,XAML,172
Clinica,src/Clinica.Modulo.Recepcao/Janelas/EstornoAtendimentoWindow.xaml,XAML,83
Clinica,src/Clinica.Modulo.Recepcao/Janelas/FechamentoSessaoWindow.xaml,XAML,193
Clinica,src/Clinica.Modulo.Recepcao/Janelas/HorariosProfissionalWindow.xaml,XAML,64
Clinica,src/Clinica.Modulo.Recepcao/Janelas/ListaEsperaPainelWindow.xaml,XAML,105
Clinica,src/Clinica.Modulo.Recepcao/Janelas/ListaEsperaWindow.xaml,XAML,105
Clinica,src/Clinica.Modulo.Recepcao/Janelas/OrcamentoWindow.xaml,XAML,184
Clinica,src/Clinica.Modulo.Recepcao/Janelas/ProfissionalWindow.xaml,XAML,180
Clinica,src/Clinica.Modulo.Recepcao/Janelas/ProximasVagasWindow.xaml,XAML,56
Clinica,src/Clinica.Modulo.Recepcao/Janelas/SalaWindow.xaml,XAML,61
Clinica,src/Clinica.Modulo.Recepcao/Views/AcompanhamentoView.xaml,XAML,129
Clinica,src/Clinica.Modulo.Recepcao/Views/AgendaView.xaml,XAML,323
Clinica,src/Clinica.Modulo.Recepcao/Views/ConfirmacoesView.xaml,XAML,131
Clinica,src/Clinica.Modulo.Recepcao/Views/ConsultasView.xaml,XAML,194
Clinica,src/Clinica.Modulo.Recepcao/Views/ConvenioPacienteView.xaml,XAML,73
Clinica,src/Clinica.Modulo.Recepcao/Views/DocumentosView.xaml,XAML,701
Clinica,src/Clinica.Modulo.Recepcao/Views/EquipeView.xaml,XAML,288
Clinica,src/Clinica.Modulo.Recepcao/Views/FilaView.xaml,XAML,580
Clinica,src/Clinica.Modulo.Recepcao/Views/LancamentosView.xaml,XAML,209
Clinica,src/Clinica.Modulo.Recepcao/Views/NovoAtendimentoView.xaml,XAML,1271
Clinica,src/Clinica.Modulo.Recepcao/Views/PacientesView.xaml,XAML,165
Clinica,src/Clinica.Modulo.Recepcao/Views/PagamentosView.xaml,XAML,56
Clinica,src/Clinica.Modulo.Recepcao/Views/PainelView.xaml,XAML,419
Clinica,src/Clinica.Modulo.Recepcao/Views/PrivacidadePacienteView.xaml,XAML,89
Clinica,src/Clinica.Modulo.Recepcao/Views/ProntuarioView.xaml,XAML,226
Clinica,src/Clinica.Modulo.Recepcao/Views/RelacionamentoPacienteView.xaml,XAML,56
Clinica,src/Clinica.Modulo.Recepcao/Views/ResumoAdministrativoPacienteView.xaml,XAML,97
Clinica,src/Clinica.Modulo.Recepcao/Views/RetornoView.xaml,XAML,203
Clinica,src/Clinica.Modulo.Recepcao/Views/RetornosAMarcarView.xaml,XAML,158
Clinica,src/Clinica.Modulo.Recepcao/Views/TermosPacienteView.xaml,XAML,60
Clinica,src/Clinica.Recepcao/App.xaml,XAML,12
Clinica,src/Clinica.Web/Paginas.cs,HTML/template,370
clinica-site,conteudo/404.html,HTML/template,39
clinica-site,conteudo/a-clinica.html,HTML/template,15
clinica-site,conteudo/acessibilidade.html,HTML/template,11
clinica-site,conteudo/acupuntura-medica.html,HTML/template,70
clinica-site,conteudo/atendimento.html,HTML/template,13
clinica-site,conteudo/bloqueio-simpatico-venoso.html,HTML/template,59
clinica-site,conteudo/clinica-da-dor.html,HTML/template,160
clinica-site,conteudo/contato.html,HTML/template,90
clinica-site,conteudo/convenios.html,HTML/template,116
clinica-site,conteudo/dr-gustavo-lacerda.html,HTML/template,65
clinica-site,conteudo/endocrinologia.html,HTML/template,42
clinica-site,conteudo/especialidades.html,HTML/template,112
clinica-site,conteudo/fibromialgia.html,HTML/template,50
clinica-site,conteudo/geriatria.html,HTML/template,43
clinica-site,conteudo/ginecologia.html,HTML/template,42
clinica-site,conteudo/inicio.html,HTML/template,79
clinica-site,conteudo/mapa-do-site.html,HTML/template,8
clinica-site,conteudo/para-pacientes.html,HTML/template,12
clinica-site,conteudo/politica-de-privacidade.html,HTML/template,43
clinica-site,conteudo/primeira-consulta.html,HTML/template,94
clinica-site,conteudo/psiquiatria.html,HTML/template,43
clinica-site,modelos/base.html,HTML/template,73
clinica-site,modelos/rodape.html,HTML/template,57
clinica-site,portal/index.html,HTML/template,20
clinica-site,portal/portal.js,HTML/template,219
clinica-site,portal/profissional/clinico.js,HTML/template,395
clinica-site,portal/profissional/coleta.html,HTML/template,21
clinica-site,portal/profissional/execucao-direta.js,HTML/template,41
clinica-site,portal/profissional/ficha-edicao.js,HTML/template,71
clinica-site,portal/profissional/fila-enfermagem.js,HTML/template,46
clinica-site,portal/profissional/index.html,HTML/template,48
clinica-site,portal/profissional/materiais.js,HTML/template,60
clinica-site,portal/profissional/modelos-documento.js,HTML/template,82
clinica-site,portal/profissional/modelos.js,HTML/template,89
clinica-site,portal/profissional/observacoes-enfermagem.js,HTML/template,155
clinica-site,portal/profissional/posto.js,HTML/template,247
clinica-site,portal/profissional/treinamento/index.html,HTML/template,44
semdor-crm,src/Clinica.Crm/wwwroot/app.js,HTML/template,815
semdor-crm,src/Clinica.Crm/wwwroot/booking.js,HTML/template,153
semdor-crm,src/Clinica.Crm/wwwroot/conversation-workflow.js,HTML/template,85
semdor-crm,src/Clinica.Crm/wwwroot/flow-editor.js,HTML/template,55
semdor-crm,src/Clinica.Crm/wwwroot/index.html,HTML/template,144
